Date Disclosed,Project Name,Document Type,Project Number,Product Line,Company Name,Country,IFC Country Code,Sector,Environmental Category,Department,Status,Projected Board Date,IFC investment for Risk Management(Million - USD),IFC investment for Guarantee(Million - USD),IFC investment for Loan(Million - USD),IFC investment for Equity(Million - USD),Total IFC investment as approved by Board(Million - USD),WB Country Code,As of Date
01/08/2021,RSE COVID Parag,Summary of Investment Information,43983,Loan,Parag Milk Foods Limited,India,IND,Agribusiness and Forestry,B,Regional Industry - MAS Asia & Pac,Pending,10/06/2020,,,41.19,,41.19,IN,01/18/2021 09:37:00 PM
01/04/2021,Provident Housing,Summary of Investment Information,43201,Loan,PURAVANKARA LIMITED,India,IND,other,B,Regional Industry - MAS Asia & Pac,Active,11/09/2020,,,10.2,32.2,42.4,IN,01/18/2021 09:37:00 PM
12/21/2020,Stellaris Venture Partners India Trust II,Summary of Investment Information,44917,,STELLARIS ADVISORS LLP,India,IND,Funds,FI-3,Disruptive Technologies and Funds,Pending,02/12/2021,,,,,,IN,01/18/2021 09:37:00 PM
11/12/2020,NCML Silos,Summary of Investment Information,43587,Loan,NCML BASTI PRIVATE LIMITED,India,IND,Infrastructure,B,Regional Industry - INF Asia & Pac,Pending,12/14/2020,,,46.66,,46.66,IN,01/18/2021 09:37:00 PM
10/22/2020,Netafim India,Summary of Investment Information,44420,,NETAFIM IRRIGATION INDIA PRIVATE LIMITED,India,IND,Agribusiness and Forestry,B,Regional Industry - MAS Asia & Pac,Pending,11/20/2020,,,,,,IN,01/18/2021 09:37:00 PM
10/16/2020,Indospace COVID-19 Debt,Summary of Investment Information,43802,Loan,INDOSPACE LOGISTICS PARKS III LP,India,IND,other,B,Regional Industry - MAS Asia & Pac,Pending,11/20/2020,,,74.38,,74.38,IN,01/18/2021 09:37:00 PM
09/21/2020,RKF COVID Response,Summary of Investment Information,44016,Loan,RAMKRISHNA FORGINGS LIMITED,India,IND,Manufacturing,B,Regional Industry - MAS Asia & Pac,Active,07/02/2020,,,19.84,,19.84,IN,01/18/2021 09:37:00 PM
09/03/2020,RSE COVID DCM,Summary of Investment Information,44204,Loan,DCM SHRIRAM LIMITED,India,IND,Manufacturing,B,Regional Industry - MAS Asia & Pac,Active,06/12/2020,,,40,,40,IN,01/18/2021 09:37:00 PM
07/24/2020,Biological E II,Summary of Investment Information,44216,Loan,BIOLOGICAL E. LIMITED,India,IND,Health and Education,B,Regional Industry - MAS Asia & Pac,Pending,08/26/2020,,,30,,30,IN,01/18/2021 09:37:00 PM
05/29/2020,RSE COVID JK Paper,Summary of Investment Information,43078,Loan,JK PAPER LIMITED,India,IND,Agribusiness and Forestry,B,Regional Industry - MAS Asia & Pac,Pending,06/30/2020,,,34.4,,34.4,IN,01/18/2021 09:37:00 PM
05/28/2020,Fullerton Loan,Summary of Investment Information,43960,Loan,FULLERTON INDIA CREDIT COMPANY LIMITED,India,IND,Financial Institutions,FI-2,Regional Industry - FIG Asia & Pac,Pending,06/29/2020,,,100,,100,IN,01/18/2021 09:37:00 PM
05/21/2020,Endiya II,Summary of Investment Information,43680,Equity,ENDIYA PARTNERS FUND II,India,IND,Funds,FI-2,Disruptive Technologies and Funds,Active,06/22/2020,,,,19.84,19.84,IN,01/18/2021 09:37:00 PM
05/21/2020,OnSiteGo,Summary of Investment Information,43564,Equity,ONSITE ELECTRO SERVICES (PVT) LTD,India,IND,Financial Institutions,C,"Global Industry, Financial Markets",Active,06/19/2020,,,,10,10,IN,01/18/2021 09:37:00 PM
04/14/2020,India Alt II,Summary of Investment Information,43455,Equity,INDIA ALTERNATIVES PRIVATE EQUITY TRUST,India,IND,Funds,FI-2,Disruptive Technologies and Funds,Pending,05/26/2020,,,,10,10,IN,01/18/2021 09:37:00 PM
03/04/2020,Suguna III,Summary of Investment Information,42834,Loan,SUGUNA HOLDINGS PRIVATE LIMITED,India,IND,Agribusiness and Forestry,B,Regional Industry - MAS Asia & Pac,Pending,03/27/2020,,,53.92,,53.92,IN,01/18/2021 09:37:00 PM
02/11/2020,ORIENTAL INFRATRUST,Summary of Investment Information,39354,Loan,ORIENTAL STRUCTURAL ENGINEERS PRIVATE LIMITED,India,IND,Infrastructure,A,Regional Industry - INF Asia & Pac,Active,06/04/2018,,,72.25,28.9,101.15,IN,01/18/2021 09:37:00 PM
01/08/2020,ETC India 2,Summary of Investment Information,43027,Loan,ETC AGRO PROCESSING (INDIA) PRIVATE LIMITED,India,IND,Agribusiness and Forestry,B,Regional Industry - MAS Asia & Pac,Active,02/20/2020,,,22.41,,22.41,IN,01/18/2021 09:37:00 PM
01/08/2020,Apollo,Summary of Investment Information,43114,,NAVI TECHNOLOGIES PVT. LTD.,India,IND,Financial Institutions,FI-2,Regional Industry - FIG Asia & Pac,Hold,02/15/2020,,,,,,IN,01/18/2021 09:37:00 PM
01/07/2020,SECI Mahindra,Summary of Investment Information,42683,Loan,MAHINDRA RENEWABLES PRIVATE LIMITED,India,IND,Infrastructure,B,Regional Industry - INF Asia & Pac,Pending,02/21/2020,,,34.61,,34.61,IN,01/18/2021 09:37:00 PM
08/30/2019,Chiratae Venture,Summary of Investment Information,42714,Equity,CHIRATAE VENTURES INTERNATIONAL FUND IV LLC,India,IND,Funds,FI-2,Disruptive Technologies and Funds,Active,09/30/2019,,,,40,40,IN,01/18/2021 09:37:00 PM
07/09/2019,RBL Debt I,Summary of Investment Information,41811,Loan,RBL Bank Limited,India,IND,Financial Institutions,FI-2,Regional Industry - FIG Asia & Pac,Active,05/31/2019,,,150,,150,IN,01/18/2021 09:37:00 PM
06/18/2019,ISFC Equity,Summary of Investment Information,41234,,INDIAN SCHOOL FINANCE COMPANY PRIVATE LIMITED,India,IND,Financial Institutions,FI-2,Regional Industry - FIG Asia & Pac,Completed,07/29/2019,,,,,,IN,01/18/2021 09:37:00 PM
05/21/2019,FCL II,Summary of Investment Information,42394,Loan,FUTURE CONSUMER LIMITED,India,IND,"Tourism, Retail, and Property",B,Regional Industry - MAS Asia & Pac,Active,05/15/2019,,,30.31,0,30.31,IN,01/18/2021 09:37:00 PM
05/20/2019,Deepak Fert,Summary of Investment Information,40406,Loan,DEEPAK FERTILISERS AND PETROCHEMICALS CORPORATION LIMITED,India,IND,Manufacturing,B,Regional Industry - MAS Asia & Pac,Active,04/05/2019,,,60.31,,60.31,IN,01/18/2021 09:37:00 PM
05/16/2019,DCM Aavas NCD II,Summary of Investment Information,42529,Loan,AAVAS FINANCIERS LIMITED,India,IND,Financial Institutions,FI-3,Regional Industry - FIG Asia & Pac,Active,06/21/2019,,,50,,50,IN,01/18/2021 09:37:00 PM
05/14/2019,MTPL,Summary of Investment Information,41397,Loan,MAHANSARIA TYRES PRIVATE LIMITED,India,IND,Manufacturing,B,Regional Industry - MAS Asia & Pac,Active,06/16/2019,,,30,7.76,37.76,IN,01/18/2021 09:37:00 PM
04/26/2019,TMFL SME Financing,Summary of Investment Information,42444,Loan,TATA MOTORS FINANCE LIMITED,India,IND,Financial Institutions,FI-3,Regional Industry - FIG Asia & Pac,Active,05/31/2019,,,100,,100,IN,01/18/2021 09:37:00 PM
04/24/2019,HFE Bhadla,Summary of Investment Information,42694,Loan,CLEAN SOLAR POWER (JODHPUR) PRIVATE LIMITED,India,IND,Infrastructure,B,Regional Industry - INF Asia & Pac,Pending,05/24/2019,,,49.11,,49.11,IN,01/18/2021 09:37:00 PM
04/19/2019,DCM MMFSL II,Summary of Investment Information,42373,Loan,MAHINDRA AND MAHINDRA FINANCIAL SERVICES LIMITED,India,IND,Financial Institutions,FI-2,Regional Industry - FIG Asia & Pac,Active,05/20/2019,,,75,,75,IN,01/18/2021 09:37:00 PM
04/10/2019,VCT II,Summary of Investment Information,41434,Loan,VISAKHA CONTAINER TERMINAL PRIVATE LIMITED,India,IND,Infrastructure,B,Regional Industry - INF Asia & Pac,Pending,05/27/2019,,,46.23,,46.23,IN,01/18/2021 09:37:00 PM
04/08/2019,Piramal Capital and Housing Finance Limited,Summary of Investment Information,41814,Loan,PIRAMAL CAPITAL AND HOUSING FINANCE LIMITED,India,IND,Financial Institutions,FI-3,Regional Industry - FIG Asia & Pac,Active,05/20/2019,,,150.85,,150.85,IN,01/18/2021 09:37:00 PM
04/01/2019,DCM L&TF,Summary of Investment Information,42279,Loan,L&T FINANCE LIMITED,India,IND,Financial Institutions,FI-3,Regional Industry - FIG Asia & Pac,Active,05/02/2019,,,125,,125,IN,01/18/2021 09:37:00 PM
03/22/2019,DCM Sugar,Summary of Investment Information,42346,Loan,DCM SHRIRAM LIMITED,India,IND,Agribusiness and Forestry,B,Regional Industry - MAS Asia & Pac,Active,04/23/2019,,,35,,35,IN,01/18/2021 09:37:00 PM
03/01/2019,Signature,Summary of Investment Information,41206,Equity,SIGNATURE GLOBAL INDIA PRIVATE LIMITED,India,IND,other,B,Regional Industry - MAS Asia & Pac,Active,04/19/2019,,,0,30.07,30.07,IN,01/18/2021 09:37:00 PM
03/01/2019,Multiples Private Equity Fund III,Summary of Investment Information,41401,Equity,MULTIPLES PRIVATE EQUITY FUND III,India,IND,Funds,FI-2,Disruptive Technologies and Funds,Pending,04/02/2019,,,,20,20,IN,01/18/2021 09:37:00 PM
02/28/2019,A91 Partners,Summary of Investment Information,42382,Equity,A91 PARTNERS FUND I,India,IND,Funds,FI-2,Disruptive Technologies and Funds,Active,04/01/2019,,,,20,20,IN,01/18/2021 09:37:00 PM
02/28/2019,1mg,Summary of Investment Information,42489,Equity,1MG TECHNOLOGIES PRIVATE LIMITED,India,IND,other,B,Disruptive Technologies and Funds,Active,03/13/2019,,,,10.21,10.21,IN,01/18/2021 09:37:00 PM
02/27/2019,Dodla,Summary of Investment Information,42009,Loan,DODLA DAIRY LIMITED,India,IND,Agribusiness and Forestry,B,Regional Industry - MAS Asia & Pac,Active,02/14/2019,,,15.46,7.03,22.49,IN,01/18/2021 09:37:00 PM
02/25/2019,SHTF Sec.,Summary of Investment Information,42375,Loan,SHRIRAM TRANSPORT FINANCE COMPANY LIMITED,India,IND,Financial Institutions,FI-2,Regional Industry - FIG Asia & Pac,Pending,03/27/2019,,,101.95,,101.95,IN,01/18/2021 09:37:00 PM
02/15/2019,DCM Manappuram,Summary of Investment Information,41994,Loan,MANAPPURAM FINANCE LIMITED,India,IND,Financial Institutions,FI-3,Regional Industry - FIG Asia & Pac,Active,03/20/2019,,,77.54,,77.54,IN,01/18/2021 09:37:00 PM
02/06/2019,Mintifi,Summary of Investment Information,42062,Equity,MINTIFI PRIVATE LIMITED,India,IND,other,FI-2,"Global Industry, Financial Markets",Active,03/08/2019,,,,8,8,IN,01/18/2021 09:37:00 PM
11/05/2018,UjjivanSFB Tier2,Summary of Investment Information,41078,Loan,UJJIVAN SMALL FINANCE BANK,India,IND,Financial Institutions,FI-2,Regional Industry - FIG Asia & Pac,Pending,02/28/2019,,,50.65,,50.65,IN,01/18/2021 09:37:00 PM
09/17/2018,Shadowfax,Summary of Investment Information,41235,Equity,SHADOWFAX TECHNOLOGIES PRIVATE LIMITED,India,IND,Infrastructure,B,Disruptive Technologies and Funds,Active,09/28/2018,,,,3.86,3.86,IN,01/18/2021 09:37:00 PM
07/25/2018,Srinivasa Farms,Summary of Investment Information,41149,Equity,SRINIVASA FARMS PRIVATE LIMITED,India,IND,Agribusiness and Forestry,B,Regional Industry - MAS Asia & Pac,Active,08/31/2018,,,0,20.69,20.69,IN,01/18/2021 09:37:00 PM
06/29/2018,Camlin,Summary of Investment Information,39750,Loan,CAMLIN FINE SCIENCES LIMITED,India,IND,Manufacturing,B,Regional Industry - MAS Asia & Pac,Active,06/08/2018,,,30,,30,IN,01/18/2021 09:37:00 PM
05/31/2018,Azure RG,Summary of Investment Information,40099,Loan,AZURE POWER ROOFTOP (GENCO.) PRIVATE LIMITED,India,IND,Infrastructure,B,CN4S5 - Regional Industry - INF Asia & Pac/Infrastructure - CSA,Active,03/28/2018,,,45,,45,IN,01/18/2021 09:37:00 PM
05/29/2018,Time Technoplast,Summary of Investment Information,40768,Loan,TIME TECHNOPLAST LIMITED,India,IND,Manufacturing,B,Regional Industry - MAS Asia & Pac,Active,06/21/2018,,,38.53,,38.53,IN,01/18/2021 09:37:00 PM
05/16/2018,HDB Financial Services,Summary of Investment Information,40789,Loan,HDB FINANCIAL SERVICES LIMITED,India,IND,Financial Institutions,FI-2,Regional Industry - FIG Asia & Pac,Active,06/15/2018,,,144.5,,144.5,IN,01/18/2021 09:37:00 PM
05/07/2018,Arohan Fin,Summary of Investment Information,41105,Loan,AROHAN FINANCIAL SERVICES PRIVATE LIMITED,India,IND,Financial Institutions,FI-3,Regional Industry - FIG Asia & Pac,Active,06/10/2018,,,14.67,,14.67,IN,01/18/2021 09:37:00 PM
05/01/2018,HFCII_Aptus,Summary of Investment Information,40814,Loan,APTUS VALUE HOUSING FINANCE INDIA LIMITED,India,IND,Financial Institutions,FI-3,Regional Industry - FIG Asia & Pac,Active,05/31/2018,,,15.51,,15.51,IN,01/18/2021 09:37:00 PM
04/27/2018,Lithium,Summary of Investment Information,40171,Equity,LITHIUM URBAN TECHNOLOGIES PVT LTD,India,IND,Infrastructure,B,Regional Industry - INF Asia & Pac,Active,05/29/2018,,,,7.83,7.83,IN,01/18/2021 09:37:00 PM
04/13/2018,Craftsman III,Summary of Investment Information,40781,Loan,CRAFTSMAN AUTOMATION LIMITED,India,IND,Manufacturing,B,Regional Industry - MAS Asia & Pac,Active,05/15/2018,,,30,,30,IN,01/18/2021 09:37:00 PM
03/26/2018,DARP SPV IndiaRF,Summary of Investment Information,40569,Loan,INDIA RESURGENCE FUND LP,India,IND,Financial Institutions,FI-1,Regional Industry - FIG Asia & Pac,Active,05/01/2018,,,100,100,200,IN,01/18/2021 09:37:00 PM
02/22/2018,Jain IV,Summary of Investment Information,40251,Loan,JAIN IRRIGATION SYSTEMS LIMITED,India,IND,Agribusiness and Forestry,B,Regional Industry - MAS Asia & Pac,Active,02/26/2018,,,39.89,,39.89,IN,01/18/2021 09:37:00 PM
02/16/2018,DCM L&THF NCD,Summary of Investment Information,40542,Loan,L AND T HOUSING FINANCE LIMITED,India,IND,Financial Institutions,FI-2,Regional Industry - FIG Asia & Pac,Active,03/28/2018,,,75,,75,IN,01/18/2021 09:37:00 PM
02/15/2018,IndoSpace Fund III,Summary of Investment Information,40509,Equity,INDOSPACE LOGISTICS PARKS III LP,India,IND,other,FI-2,Regional Industry - MAS Asia & Pac,Active,03/20/2018,,,,25,25,IN,01/18/2021 09:37:00 PM
02/15/2018,DCM PNB HFL Bond,Summary of Investment Information,40989,Loan,P N B Housing Finance Limited,India,IND,Financial Institutions,FI-2,Regional Industry - FIG Asia & Pac,Active,03/26/2018,,,153.41,,153.41,IN,01/18/2021 09:37:00 PM
02/08/2018,Faering II,Summary of Investment Information,40323,Equity,FAERING CAPITAL EVOLVING FUND III LIMITED,India,IND,Funds,FI-2,Disruptive Technologies and Funds,Active,03/15/2018,,,,15.1,15.1,IN,01/18/2021 09:37:00 PM
01/31/2018,Bizongo,Summary of Investment Information,40950,Equity,SMARTPADDLE TECHNOLOGY PRIVATE LIMITED,India,IND,Agribusiness and Forestry,B,"TMT, Venture Capital & Funds",Active,03/05/2018,,,,4.99,4.99,IN,01/18/2021 09:37:00 PM
01/16/2018,DCM ABFL Green Bond,Summary of Investment Information,40557,Loan,ADITYA BIRLA FINANCE LIMITED,India,IND,Financial Institutions,FI-2,Regional Industry - FIG Asia & Pac,Active,04/16/2018,,,153.41,,153.41,IN,01/18/2021 09:37:00 PM
01/09/2018,Rewa Mahindra,Summary of Investment Information,40646,Loan,Mahindra Renewables Private Limited,India,IND,Infrastructure,B,Regional Industry - INF Asia & Pac,Active,02/09/2018,,,51.09,,51.09,IN,01/18/2021 09:37:00 PM
12/18/2017,Coverfox,Summary of Investment Information,40623,Equity,GLITTERBUG TECHNOLOGIES PRIVATE LIMITED,India,IND,Financial Institutions,C,"Global Industry, Financial Markets",Active,01/31/2018,,,,7,7,IN,01/18/2021 09:37:00 PM
12/08/2017,"LIGHTHOUSE INDIA FUND III, LIMITED",Summary of Investment Information,40680,Equity,"LIGHTHOUSE INDIA FUND III, LIMITED",India,IND,Funds,FI-2,Disruptive Technologies and Funds,Active,01/09/2018,,,,20,20,IN,01/18/2021 09:37:00 PM
11/28/2017,DCM Chola Masala,Summary of Investment Information,40278,Loan,CHOLAMANDALAM INVESTMENT AND FINANCE COMPANY LIMITED,India,IND,Financial Institutions,FI-2,Regional Industry - FIG Asia & Pac,Active,01/10/2018,,,100,,100,IN,01/18/2021 09:37:00 PM
11/06/2017,Ashiana,Summary of Investment Information,38851,Loan,ASHIANA HOUSING LIMITED,India,IND,"Tourism, Retail, and Property",B,Regional Industry - MAS Asia & Pac,Active,12/11/2017,,,18,23.48,41.49,IN,01/18/2021 09:37:00 PM
09/18/2017,Mahindra Life,Summary of Investment Information,38850,Loan,MAHINDRA LIFESPACE DEVELOPERS LIMITED,India,IND,"Tourism, Retail, and Property",B,"Gbl Ind, Manufact, Agribus & Services",Active,06/14/2017,,,15.92,34.76,50.68,IN,01/18/2021 09:37:00 PM
08/28/2017,Rewa Actis,Summary of Investment Information,39866,Loan,Arinsun Clean Energy Private Limited,India,IND,Infrastructure,B,Regional Industry - INF Asia & Pac,Active,10/30/2017,,,60.5,,60.5,IN,01/18/2021 09:37:00 PM
05/26/2017,Biological E,Summary of Investment Information,39488,Loan,BIOLOGICAL E. LIMITED,India,IND,Health and Education,B,Regional Industry - MAS Asia & Pac,Active,07/17/2017,,,60,,60,IN,01/18/2021 09:37:00 PM
05/22/2017,JK Paper III,Summary of Investment Information,39821,Loan,JK PAPER LIMITED,India,IND,Agribusiness and Forestry,B,Regional Industry - MAS Asia & Pac,Active,06/23/2017,,,51.92,,51.92,IN,01/18/2021 09:37:00 PM
05/16/2017,Max SCH,Summary of Investment Information,39444,Loan,MAX HEALTHCARE INSTITUTE LIMITED,India,IND,Health and Education,B,Regional Industry - MAS Asia & Pac,Pending,06/28/2017,,,74.99,,74.99,IN,01/18/2021 09:37:00 PM
05/14/2017,DCM MMFSL NCD,Summary of Investment Information,38977,Loan,MAHINDRA AND MAHINDRA FINANCIAL SERVICES LIMITED,India,IND,Financial Institutions,FI-2,Regional Industry - FIG Asia & Pac,Active,09/30/2017,,,100,,100,IN,01/18/2021 09:37:00 PM
05/12/2017,DCM MRHFL NCD,Summary of Investment Information,38976,Loan,MAHINDRA RURAL HOUSING FINANCE LIMITED,India,IND,Financial Institutions,FI-3,Regional Industry - FIG Asia & Pac,Active,09/30/2017,,,25,,25,IN,01/18/2021 09:37:00 PM
05/09/2017,DCM HDFC Bond,Summary of Investment Information,38638,Loan,HOUSING DEVELOPMENT FINANCE CORPORATION LIMITED,India,IND,Financial Institutions,FI-2,Regional Industry - FIG Asia & Pac,Active,06/12/2017,,,200,,200,IN,01/18/2021 09:37:00 PM
05/09/2017,Stellaris Venture Partners India I,Summary of Investment Information,39605,Equity,STELLARIS VENTURE PARTNERS,India,IND,Funds,FI-3,Disruptive Technologies and Funds,Active,06/12/2017,,,,10,10,IN,01/18/2021 09:37:00 PM
05/08/2017,DCM Bajaj Finance,Summary of Investment Information,39493,Loan,BAJAJ FINANCE LIMITED,India,IND,Financial Institutions,FI-2,Regional Industry - FIG Asia & Pac,Active,06/09/2017,,,154.97,,154.97,IN,01/18/2021 09:37:00 PM
05/05/2017,AuHFL NCD,Summary of Investment Information,39725,Loan,AAVAS FINANCIERS LIMITED,India,IND,Financial Institutions,FI-3,Regional Industry - FIG Asia & Pac,Active,06/12/2017,,,20.15,,20.15,IN,01/18/2021 09:37:00 PM
04/28/2017,ESIP Power2SME,Summary of Investment Information,39386,Equity,POWER2SME PRIVATE LIMITED,India,IND,Agribusiness and Forestry,B,Disruptive Technologies and Funds,Active,06/02/2017,,,,10.07,10.07,IN,01/18/2021 09:37:00 PM
04/25/2017,FRV Solar India,Summary of Investment Information,39151,Loan,FOTOWATIO RENEWABLE VENTURES (INDIA) PRIVATE LIMITED,India,IND,Infrastructure,B,Regional Industry - INF Asia & Pac,Active,05/31/2017,,,35.64,,35.64,IN,01/18/2021 09:37:00 PM
04/21/2017,Capital First Limited BOW NCD,Summary of Investment Information,39031,Loan,IDFC FIRST BANK LIMITED,India,IND,Financial Institutions,FI-2,Regional Industry - FIG Asia & Pac,Active,05/30/2017,,,52.86,,52.86,IN,01/18/2021 09:37:00 PM
04/20/2017,Fullerton Masala,Summary of Investment Information,39061,Loan,FULLERTON INDIA CREDIT COMPANY LIMITED,India,IND,Financial Institutions,FI-2,Regional Industry - FIG Asia & Pac,Active,05/31/2017,,,89.57,,89.57,IN,01/18/2021 09:37:00 PM
04/11/2017,Fed Bank Loan,Summary of Investment Information,38848,Loan,THE FEDERAL BANK LIMITED,India,IND,Financial Institutions,FI-2,Regional Industry - FIG Asia & Pac,Active,05/31/2017,,,100,,100,IN,01/18/2021 09:37:00 PM
03/29/2017,Small Finance Bank RGVN,Summary of Investment Information,39454,Loan,RGVN (North East) Microfinance Limited,India,IND,Financial Institutions,FI-2,Regional Industry - FIG Asia & Pac,Active,05/31/2017,,,15.08,,15.08,IN,01/18/2021 09:37:00 PM
03/21/2017,pi Ventures Investment Trust,Summary of Investment Information,39421,Equity,PI VENTURES INVESTMENT TRUST,India,IND,Funds,FI-3,Disruptive Technologies and Funds,Active,04/24/2017,,,,30,30,IN,01/18/2021 09:37:00 PM
02/23/2017,L&T GreenBond,Summary of Investment Information,37995,Loan,L AND T INFRASTRUCTURE FINANCE COMPANY LIMITED,India,IND,Financial Institutions,FI-2,Regional Industry - FIG Asia & Pac,Active,03/27/2017,,,100,,100,IN,01/18/2021 09:37:00 PM
02/23/2017,ETC India,Summary of Investment Information,39370,Loan,ETC AGRO PROCESSING (INDIA) PRIVATE LIMITED,India,IND,Agribusiness and Forestry,B,Regional Industry - MAS Asia & Pac,Active,03/27/2017,,,30.13,,30.13,IN,01/18/2021 09:37:00 PM
02/17/2017,Granules III,Summary of Investment Information,38095,Loan,GRANULES INDIA LIMITED,India,IND,Health and Education,B,Regional Industry - MAS Asia & Pac,Active,03/21/2017,,,47.71,,47.71,IN,01/18/2021 09:37:00 PM
02/13/2017,Clean Max Equity,Summary of Investment Information,38331,Equity,CLEAN MAX ENVIRO ENERGY SOLUTIONS PRIVATE LIMITED,India,IND,Infrastructure,B,Regional Industry - INF Asia & Pac,Active,03/31/2017,,,,15,15,IN,01/18/2021 09:37:00 PM
01/27/2017,IDG Ventures India Fund III LLC,Summary of Investment Information,39362,Equity,IDG VENTURES INDIA ADVISORS PRIVATE LIMITED,India,IND,Funds,FI-2,Disruptive Technologies and Funds,Active,02/27/2017,,,,40,40,IN,01/18/2021 09:37:00 PM
01/18/2017,ESIP Blackbuck,Summary of Investment Information,39420,Equity,ZINKA LOGISTICS SOLUTIONS PRIVATE LIMITED,India,IND,Infrastructure,B,"TMT, Venture Capital & Funds",Active,02/20/2017,,,,10,10,IN,01/18/2021 09:37:00 PM
09/01/2016,Au Fin Debt,Summary of Investment Information,36838,Loan,AU SMALL FINANCE BANK LIMITED,India,IND,Financial Institutions,FI-2,"Global Industry, Financial Markets",Active,10/31/2016,,,50,,50,IN,01/18/2021 09:37:00 PM
08/23/2016,HFE Equity,Summary of Investment Information,37910,Equity,HERO FUTURE ENERGIES PRIVATE LIMITED,India,IND,Infrastructure,A,Regional Industry - INF Asia & Pac,Active,10/25/2016,,,,62.5,62.5,IN,01/18/2021 09:37:00 PM
07/22/2016,Byju's,Summary of Investment Information,38562,Equity,THINK & LEARN PRIVATE LIMITED,India,IND,Health and Education,B,"TMT, Venture Capital &amp; Funds",Active,08/23/2016,,,,15,15,IN,01/18/2021 09:37:00 PM
06/15/2016,Glenmark,Summary of Investment Information,38371,Loan,GLENMARK PHARMACEUTICALS LIMITED,India,IND,Health and Education,B,Regional Industry - MAS Asia & Pac,Active,06/22/2016,,,75,,75,IN,01/18/2021 09:37:00 PM
06/03/2016,FCEL,Summary of Investment Information,37943,Equity,FUTURE CONSUMER LIMITED,India,IND,"Tourism, Retail, and Property",B,Regional Industry - MAS Asia & Pac,Active,06/17/2016,,,0,19.92,19.92,IN,01/18/2021 09:37:00 PM
05/19/2016,Apollo Specialty,Summary of Investment Information,37895,Equity,APOLLO HEALTH AND LIFESTYLE LIMITED,India,IND,Health and Education,B,Regional Industry - MAS Asia & Pac,Active,06/20/2016,,,,33.34,33.34,IN,01/18/2021 09:37:00 PM
05/16/2016,Grameen Koota Financial Services,Summary of Investment Information,35181,Loan,CREDITACCESS GRAMEEN LIMITED,India,IND,Financial Institutions,FI-3,Regional Industry - FIG Asia & Pac,Active,06/20/2016,,,20,,20,IN,01/18/2021 09:37:00 PM
05/03/2016,Repco HFL,Summary of Investment Information,37630,Loan,REPCO HOME FINANCE LIMITED,India,IND,Financial Institutions,FI-3,Regional Industry - FIG Asia & Pac,Completed,06/03/2016,,,40,,40,IN,01/18/2021 09:37:00 PM
04/14/2016,Regency Hospital,Summary of Investment Information,35989,Equity,REGENCY HOSPITAL LIMITED,India,IND,Health and Education,B,Regional Industry - MAS Asia & Pac,Active,05/20/2016,,,,9.07,9.07,IN,01/18/2021 09:37:00 PM
04/12/2016,Plenty Fund I,Summary of Investment Information,37348,Equity,PLENTY PRIVATE EQUITY FUND I LIMITED,India,IND,Funds,FI-2,Disruptive Technologies and Funds,Active,04/27/2016,,,,25.4,25.4,IN,01/18/2021 09:37:00 PM
04/11/2016,HFC Facility,Summary of Investment Information,37555,Loan,MOTILAL OSWAL HOME FINANCE LIMITED,India,IND,Financial Institutions,FI-3,Regional Industry - FIG Asia & Pac,Pending,05/13/2016,,,37.53,,37.53,IN,01/18/2021 09:37:00 PM
03/31/2016,Shriram TFC NCD,Summary of Investment Information,37767,Loan,SHRIRAM TRANSPORT FINANCE COMPANY LIMITED,India,IND,Financial Institutions,FI-2,"Global Industry, Financial Markets",Active,04/30/2016,,,98.09,,98.09,IN,01/18/2021 09:37:00 PM
03/17/2016,DCM Shriram Limited Bharuch II,Summary of Investment Information,36511,Loan,DCM SHRIRAM LIMITED,India,IND,Manufacturing,B,Regional Industry - MAS Asia & Pac,Active,04/18/2016,,,60,,60,IN,01/18/2021 09:37:00 PM
03/16/2016,HCG,Summary of Investment Information,37903,Equity,HEALTHCARE GLOBAL ENTERPRISES LIMITED,India,IND,Health and Education,B,Regional Industry - MAS Asia & Pac,Active,02/04/2016,,,,19.9,19.9,IN,01/18/2021 09:37:00 PM
02/19/2016,ESIP Lenskart,Summary of Investment Information,37742,Equity,LENSKART SOLUTIONS PRIVATE LIMITED,India,IND,Agribusiness and Forestry,B,Disruptive Technologies and Funds,Active,03/23/2016,,,,25.87,25.87,IN,01/18/2021 09:37:00 PM
02/05/2016,OAWPL and OAPWPL,Summary of Investment Information,37086,Loan,OSTRO ANDHRA WIND PRIVATE LIMITED,India,IND,Infrastructure,B,Regional Industry - INF Asia & Pac,Active,03/10/2016,,,60.4,,60.4,IN,01/18/2021 09:37:00 PM
02/05/2016,SRF India BOPET,Summary of Investment Information,37933,Loan,SRF LIMITED,India,IND,Health and Education,B,Regional Industry - MAS Asia & Pac,Active,03/10/2016,,,40,,40,IN,01/18/2021 09:37:00 PM
12/01/2015,Continental Warehousing Corporation (Nhava Seva) Limited,Summary of Investment Information,36727,Loan,CONTINENTAL WAREHOUSING CORPORATION (NHAVA SEVA) LIMITED,India,IND,Infrastructure,B,Regional Industry - INF Asia & Pac,Active,01/07/2016,,,59.64,24.85,84.49,IN,01/18/2021 09:37:00 PM
11/25/2015,Tata Housing,Summary of Investment Information,36345,Loan,TATA CAPITAL HOUSING FINANCE LIMITED,India,IND,Financial Institutions,FI-3,Regional Industry - FIG Asia & Pac,Active,01/08/2016,,,61.51,,61.51,IN,01/18/2021 09:37:00 PM
11/22/2015,PNBHF Green bond,Summary of Investment Information,37417,Loan,P N B Housing Finance Limited,India,IND,Financial Institutions,FI-2,"Global Industry, Financial Markets",Active,12/22/2015,,,75,,75,IN,01/18/2021 09:37:00 PM
11/04/2015,Azure Karnataka,Summary of Investment Information,36716,Loan,AZURE POWER INDIA PRIVATE LIMITED,India,IND,Infrastructure,B,Gbl Infrastructure &amp; Natural Resources,Pending,12/04/2015,,,29.9,,29.9,IN,01/18/2021 09:37:00 PM
11/03/2015,Tata SME Rural,Summary of Investment Information,36347,Loan,TATA CAPITAL FINANCIAL SERVICES LIMITED,India,IND,Financial Institutions,FI-3,Regional Industry - FIG Asia & Pac,Active,12/17/2015,,,41,,41,IN,01/18/2021 09:37:00 PM
10/10/2015,ESIP Supermarket Grocery Supplies,Summary of Investment Information,37605,Equity,SUPERMARKET GROCERY SUPPLIES PRIVATE LIMITED,India,IND,Agribusiness and Forestry,B,"TMT, Venture Capital &amp; Funds",Active,11/10/2015,,,,25,25,IN,01/18/2021 09:37:00 PM
09/18/2015,CAPF NCD 2015,Summary of Investment Information,36757,Loan,IDFC FIRST BANK LIMITED,India,IND,Financial Institutions,FI-2,"Global Industry, Financial Markets",Active,10/22/2015,,,52.5,,52.5,IN,01/18/2021 09:37:00 PM
06/26/2015,Portea Medical,Summary of Investment Information,37150,Equity,HEALTHVISTA INDIA PRIVATE LIMITED,India,IND,Health and Education,B,"Gbl Ind, Manufact, Agribus & Services",Active,07/29/2015,,,,7,7,IN,01/18/2021 09:37:00 PM
06/04/2015,BMM Cement Limited,Summary of Investment Information,36301,Loan,SAGAR CEMENTS (R) LIMITED,India,IND,Manufacturing,B,Regional Industry - MAS Asia & Pac,Active,07/06/2015,,,33,,33,IN,01/18/2021 09:37:00 PM
03/19/2015,Nxtgen,Summary of Investment Information,35289,Equity,NEXTGEN TECHNOLOGY PTE LTD,India,IND,"Telecommunications, Media, and Technology",C,"TMT, Venture Capital &amp; Funds",Active,04/30/2015,,,,7.14,7.14,IN,01/18/2021 09:37:00 PM
02/27/2015,Yes Bank Infra,Summary of Investment Information,36208,Loan,YES BANK LIMITED,India,IND,Financial Institutions,FI-1,"Global Industry, Financial Markets",Active,03/20/2015,,,100,,100,IN,01/18/2021 09:37:00 PM
02/17/2015,SChand,Summary of Investment Information,35817,Equity,S CHAND AND COMPANY LIMITED,India,IND,Health and Education,B,Regional Industry - MAS Asia & Pac,Active,03/20/2015,,,,17.22,17.22,IN,01/18/2021 09:37:00 PM
01/21/2015,PFS II,Summary of Investment Information,36091,Loan,PTC INDIA FINANCIAL SERVICES LIMITED,India,IND,Financial Institutions,FI-2,Regional Industry - FIG Asia & Pac,Active,02/23/2015,,,34.46,,34.46,IN,01/18/2021 09:37:00 PM
01/15/2015,Bandhan Banking Transformation,Summary of Investment Information,36166,Equity,BANDHAN FINANCIAL SERVICES LIMITED,India,IND,Financial Institutions,FI-2,Regional Industry - FIG Asia & Pac,Active,02/02/2015,,,,92.97,92.97,IN,01/18/2021 09:37:00 PM
01/08/2015,DARP Encore ARC,Summary of Investment Information,34869,Equity,ENCORE ASSET RECONSTRUCTION COMPANY,India,IND,Financial Institutions,FI-2,"Global Industry, Financial Markets",Active,02/09/2015,,,,5.42,5.42,IN,01/18/2021 09:37:00 PM
12/11/2014,Road Holdco,Summary of Investment Information,34415,Loan,CUBE HIGHWAYS AND INFRASTRUCTURE PTE LTD.,India,IND,Infrastructure,A,CN4S5 - Regional Industry - INF Asia & Pac/Infrastructure - CSA,Active,12/11/2014,,,150,100,250,IN,01/18/2021 09:37:00 PM
12/09/2014,Axis Bank III,Summary of Investment Information,34782,Loan,AXIS BANK LIMITED,India,IND,Financial Institutions,FI-1,"Global Industry, Financial Markets",Completed,02/13/2014,,,100,50,150,IN,01/18/2021 09:37:00 PM
11/13/2014,SPAH,Summary of Investment Information,34628,Equity,SHAPOORJI PALLONJI AND COMPANY PRIVATE LIMITED,India,IND,"Tourism, Retail, and Property",B,Regional Industry - MAS Asia & Pac,Active,12/31/2014,,,,34.44,34.44,IN,01/18/2021 09:37:00 PM
11/03/2014,ESIP EyeQ,Summary of Investment Information,35512,Equity,EYE-Q VISION PRIVATE LIMITED,India,IND,Health and Education,B,"TMT, Venture Capital & Funds",Active,12/03/2014,,,,5.36,5.36,IN,01/18/2021 09:37:00 PM
10/21/2014,Fullerton NCD,Summary of Investment Information,34749,Loan,FULLERTON INDIA CREDIT COMPANY LIMITED,India,IND,Financial Institutions,FI-2,"Global Industry, Financial Markets",Active,11/22/2014,,,75.88,,75.88,IN,01/18/2021 09:37:00 PM
10/06/2014,Green Infra Wind,Summary of Investment Information,35415,Loan,Green Infra Corporate Solar Limited,India,IND,Infrastructure,B,Regional Industry - INF Asia & Pac,Active,11/10/2014,,,59.1,,59.1,IN,01/18/2021 09:37:00 PM
09/30/2014,Everstone III,Summary of Investment Information,35855,Equity,EVERSTONE CAPITAL PARTNERS III LP,India,IND,Infrastructure,FI-2,Disruptive Technologies and Funds,Active,11/03/2014,,,,50,50,IN,01/18/2021 09:37:00 PM
09/29/2014,MyUniverseAB Grp,Summary of Investment Information,34923,Equity,ADITYA BIRLA MYUNIVERSE LIMITED,India,IND,Financial Institutions,FI-3,"Global Industry, Financial Markets",Completed,11/03/2014,,,,9.67,9.67,IN,01/18/2021 09:37:00 PM
09/29/2014,Clearwater India Limited,Summary of Investment Information,34733,Loan,ALTICO CAPITAL INDIA LIMITED,India,IND,Financial Institutions,FI-1,Regional Industry - FIG Asia & Pac,Active,10/31/2014,,,72.49,,72.49,IN,01/18/2021 09:37:00 PM
09/19/2014,Acme Solar NSM,Summary of Investment Information,35187,Loan,MEDHA ENERGY PRIVATE LIMITED,India,IND,Infrastructure,B,Regional Industry - INF Asia & Pac,Completed,05/24/2014,,,50,,50,IN,01/18/2021 09:37:00 PM
09/11/2014,Idea Cell Ltd.,Summary of Investment Information,35083,Equity,IDEA CELLULAR LIMITED,India,IND,"Telecommunications, Media, and Technology",B,Gbl Infrastructure & Natural Resources,Completed,05/28/2014,,,,64.66,64.66,IN,01/18/2021 09:37:00 PM
08/28/2014,Azure Clean,Summary of Investment Information,35058,Loan,AZURE CLEAN ENERGY PRIVATE LIMITED,India,IND,Infrastructure,B,Regional Industry - INF Asia & Pac,Completed,09/30/2014,,,13.94,,13.94,IN,01/18/2021 09:37:00 PM
06/02/2014,Powergrid Equity,Summary of Investment Information,34442,Equity,POWER GRID CORPORATION OF INDIA LIMITED,India,IND,Infrastructure,A,Regional Industry - INF Asia & Pac,Active,11/21/2013,,,,199.11,199.11,IN,01/18/2021 09:37:00 PM
05/29/2014,Jubilant Pharma,Summary of Investment Information,35027,Loan,JUBILANT PHARMA LIMITED,India,IND,Health and Education,B,Regional Industry - MAS Asia & Pac,Completed,05/26/2014,,,110,,110,IN,01/18/2021 09:37:00 PM
05/27/2014,PNB HFL,Summary of Investment Information,35226,Loan,P N B Housing Finance Limited,India,IND,Financial Institutions,FI-3,"Global Industry, Financial Markets",Completed,06/30/2014,,,50,35,85,IN,01/18/2021 09:37:00 PM
05/27/2014,SAMHI,Summary of Investment Information,34227,Loan,SAMHI HOTELS PRIVATE LIMITED,India,IND,"Tourism, Retail, and Property",B,Regional Industry - MAS Asia & Pac,Active,06/30/2014,,,20.95,,20.95,IN,01/18/2021 09:37:00 PM
04/25/2014,Tikona Broadband,Summary of Investment Information,34980,Loan,TIKONA DIGITAL NETWORKS PRIVATE LIMITED,India,IND,"Telecommunications, Media, and Technology",C,"TMT, Venture Capital &amp; Funds",Active,05/27/2014,,,25,0,25,IN,01/18/2021 09:37:00 PM
04/09/2014,Lucid Colloids,Summary of Investment Information,34335,Loan,LUCID COLLOIDS LIMITED,India,IND,Agribusiness and Forestry,B,Regional Industry - MAS Asia & Pac,Active,05/15/2014,,,15,12.43,27.43,IN,01/18/2021 09:37:00 PM
03/18/2014,Janalakshmi NCD,Summary of Investment Information,34576,Loan,JANA SMALL FINANCE BANK LIMITED,India,IND,Financial Institutions,FI-2,"Global Industry, Financial Markets",Completed,04/30/2014,,,19.9,,19.9,IN,01/18/2021 09:37:00 PM
03/14/2014,DJEPL and UUPPL,Summary of Investment Information,34565,Loan,DJ ENERGY PRIVATE LIMITED,India,IND,Infrastructure,B,Regional Industry - INF Asia & Pac,Active,04/28/2014,,,50.03,,50.03,IN,01/18/2021 09:37:00 PM
03/04/2014,NephroPlus,Summary of Investment Information,34679,Equity,NEPHROCARE HEALTH SERVICES PRIVATE LIMITED,India,IND,Health and Education,B,"Gbl Ind, Manufact, Agribus &amp; Services",Active,04/04/2014,,,,7,7,IN,01/18/2021 09:37:00 PM
02/20/2014,Chola NCD,Summary of Investment Information,34658,Loan,CHOLAMANDALAM INVESTMENT AND FINANCE COMPANY LIMITED,India,IND,Financial Institutions,FI-2,"Global Industry, Financial Markets",Active,03/24/2014,,,52.53,,52.53,IN,01/18/2021 09:37:00 PM
02/18/2014,Bandhan Sub Debt,Summary of Investment Information,34571,Loan,BANDHAN FINANCIAL SERVICES LIMITED,India,IND,Financial Institutions,FI-3,"Global Industry, Financial Markets",Active,03/21/2014,,,26.68,,26.68,IN,01/18/2021 09:37:00 PM
02/17/2014,AU NCD,Summary of Investment Information,34476,Loan,AU SMALL FINANCE BANK LIMITED,India,IND,Financial Institutions,FI-2,"Global Industry, Financial Markets",Completed,03/19/2014,,,30,,30,IN,01/18/2021 09:37:00 PM
02/17/2014,Magma NCD,Summary of Investment Information,34725,Loan,MAGMA FINCORP LIMITED,India,IND,Financial Institutions,FI-2,Regional Industry - FIG Asia & Pac,Active,03/19/2014,,,35.85,,35.85,IN,01/18/2021 09:37:00 PM
11/20/2013,Flexituff,Summary of Investment Information,33525,Loan,Flexituff International Limited,India,IND,Manufacturing,B,Regional Industry - MAS Asia & Pac,Active,12/20/2013,,,9,7.2,16.2,IN,01/18/2021 09:37:00 PM
11/05/2013,Yes Bank II,Summary of Investment Information,34478,Loan,YES BANK LIMITED,India,IND,Financial Institutions,FI-1,"Global Industry, Financial Markets",Active,11/25/2013,,,60,,60,IN,01/18/2021 09:37:00 PM
10/28/2013,Gaja II,Summary of Investment Information,33897,Equity,GAJA CAPITAL FUND II LIMITED,India,IND,Financial Institutions,FI-2,Disruptive Technologies and Funds,Active,11/29/2013,,,,25,25,IN,01/18/2021 09:37:00 PM
05/14/2013,Parag Dairy,Summary of Investment Information,33134,Loan,Parag Milk Foods Limited,India,IND,Agribusiness and Forestry,B,"Gbl Ind, Manufact, Agribus &amp; Services",Active,07/31/2013,,,15,,15,IN,01/18/2021 09:37:00 PM
05/08/2013,Fortis Healthcare Ltd,Summary of Investment Information,33057,Loan,FORTIS HEALTHCARE LIMITED,India,IND,Health and Education,B,Regional Industry - MAS Asia & Pac,Completed,03/14/2013,,,55,45,100,IN,01/18/2021 09:37:00 PM
04/22/2013,Equitas ECB,Summary of Investment Information,33616,Loan,EQUITAS SMALL FINANCE BANK LIMITED,India,IND,Financial Institutions,FI-3,Regional Industry - FIG Asia & Pac,Completed,05/23/2013,,,10,,10,IN,01/18/2021 09:37:00 PM
04/22/2013,Ujjivan ECB,Summary of Investment Information,33626,Loan,UJJIVAN FINANCIAL SERVICES LIMITED,India,IND,Financial Institutions,FI-3,"Global Industry, Financial Markets",Completed,05/23/2013,,,10,,10,IN,01/18/2021 09:37:00 PM
04/17/2013,ACME Energy,Summary of Investment Information,32497,Loan,ACME SOLAR ENERGY (MADHYA PRADESH) PRIVATE LIMITED,India,IND,Infrastructure,B,Gbl Infrastructure & Natural Resources,Active,05/24/2013,,,50,,50,IN,01/18/2021 09:37:00 PM
04/15/2013,IBEF II,Summary of Investment Information,33540,Equity,INDIA BUSINESS EXCELLENCE FUND-IIA,India,IND,Financial Institutions,FI-2,Disruptive Technologies and Funds,Active,05/16/2013,,,,25,25,IN,01/18/2021 09:37:00 PM
04/01/2013,Suryoday,Summary of Investment Information,33181,Loan,SURYODAY SMALL FINANCE BANK LIMITED,India,IND,Financial Institutions,FI-3,"Global Industry, Financial Markets",Active,05/02/2013,,,6,2.78,8.78,IN,01/18/2021 09:37:00 PM
03/01/2013,CPLF- Hikal,Summary of Investment Information,33339,Loan,HIKAL LIMITED,India,IND,Health and Education,B,Regional Industry - MAS Asia & Pac,Completed,04/01/2013,,,125,,125,IN,01/18/2021 09:37:00 PM
02/12/2013,Ratnakar Bank,Summary of Investment Information,33000,Equity,RBL Bank Limited,India,IND,Financial Institutions,FI-2,"Global Industry, Financial Markets",Completed,03/15/2013,,,,22.07,22.07,IN,01/18/2021 09:37:00 PM
02/07/2013,Snowman - IV,Summary of Investment Information,33009,Loan,SNOWMAN LOGISTICS LIMITED,India,IND,Infrastructure,B,Regional Industry - INF Asia & Pac,Completed,03/15/2013,,,2.76,,2.76,IN,01/18/2021 09:37:00 PM
02/07/2013,DHFL Loan,Summary of Investment Information,33320,Loan,DEWAN HOUSING FINANCE CORPORATION LIMITED,India,IND,Financial Institutions,FI-3,Regional Industry - FIG Asia & Pac,Active,03/15/2013,,,70,,70,IN,01/18/2021 09:37:00 PM
02/06/2013,Smart Value Homes Limited,Summary of Investment Information,32564,Equity,TATA VALUE HOMES LIMITED,India,IND,"Tourism, Retail, and Property",B,Regional Industry - MAS Asia & Pac,Pending,03/25/2013,,,,25,25,IN,01/18/2021 09:37:00 PM
02/04/2013,DHFL Eduventures,Summary of Investment Information,32922,Equity,AVANSE FINANCIAL SERVICES LIMITED,India,IND,Financial Institutions,FI-3,"Global Industry, Financial Markets",Active,03/15/2013,,,,2.26,2.26,IN,01/18/2021 09:37:00 PM
02/01/2013,UltraTech Cement Limited,Summary of Investment Information,32265,Loan,ULTRATECH CEMENT LIMITED,India,IND,Manufacturing,A,Regional Industry - MAS Asia & Pac,Completed,03/31/2013,,,100,,100,IN,01/18/2021 09:37:00 PM
01/25/2013,Bhilwara Captive,Summary of Investment Information,33351,Loan,LNJ POWER VENTURES LIMITED,India,IND,Infrastructure,B,Regional Industry - INF Asia & Pac,Active,02/28/2013,,,7.56,,7.56,IN,01/18/2021 09:37:00 PM
01/08/2013,Lighthouse II,Summary of Investment Information,32838,Equity,INDIA 2020 FUND II LIMITED,India,IND,"Oil, Gas, and Mining",FI-2,Disruptive Technologies and Funds,Active,02/11/2013,,,,25,25,IN,01/18/2021 09:37:00 PM
11/16/2012,Value and Budget Housing Corporation,Summary of Investment Information,28392,Equity,VBHC VALUE HOMES PRIVATE LIMITED,India,IND,"Tourism, Retail, and Property",B,"Gbl Ind, Manufact, Agribus &amp; Services",Active,12/20/2012,,,,11.06,11.06,IN,01/18/2021 09:37:00 PM
11/16/2012,SEI Solar Power Pvt. Ltd,Summary of Investment Information,30053,Loan,SEI Solar Power Private Limited,India,IND,Infrastructure,B,Regional Industry - INF Asia & Pac,Completed,01/10/2013,,,12.2,,12.2,IN,01/18/2021 09:37:00 PM
10/20/2012,OCL II,Summary of Investment Information,32057,Loan,OCL INDIA LIMITED,India,IND,Manufacturing,A,Regional Industry - MAS Asia & Pac,Completed,12/20/2012,,,40,,40,IN,01/18/2021 09:37:00 PM
09/14/2012,Ecolibrium Enegy Pvt. Ltd.,Summary of Investment Information,32593,Equity,ECOLIBRIUM ENERGY PRIVATE LIMITED,India,IND,Infrastructure,C,Regional Industry - INF Asia & Pac,Completed,10/15/2012,,,,0.75,0.75,IN,01/18/2021 09:37:00 PM
09/07/2012,NSL Wind,Summary of Proposed Investment,30596,Loan,NSL WIND POWER COMPANY (SATARA) PRIVATE LIMITED,India,IND,Infrastructure,B,Regional Industry - INF Asia & Pac,Completed,10/08/2012,,,18.8,,18.8,IN,01/18/2021 09:37:00 PM
07/09/2012,Educomp,Summary of Investment Information,32040,Loan,EDUCOMP SOLUTIONS LIMITED,India,IND,Health and Education,B,Regional Industry - MAS Asia & Pac,Active,08/13/2012,,,40,15,55,IN,01/18/2021 09:37:00 PM
06/14/2012,Azure Rooftop,Summary of Investment Information,32148,Loan,AZURE SUN ENERGY PRIVATE LIMITED,India,IND,Infrastructure,C,Regional Industry - INF Asia & Pac,Active,08/07/2012,,,4.6,,4.6,IN,01/18/2021 09:37:00 PM
05/28/2012,Ramkrishna Forgings Limited,Summary of Investment Information,30610,Loan,RAMKRISHNA FORGINGS LIMITED,India,IND,Manufacturing,B,Regional Industry - MAS Asia & Pac,Active,06/27/2012,,,15,4.94,19.94,IN,01/18/2021 09:37:00 PM
05/11/2012,Dakshin,Summary of Investment Information,31630,Loan,Company Name Pending,India,IND,Financial Institutions,FI-2,Regional Industry - FIG Asia & Pac,Active,06/14/2012,,,74.99,0.01,75,IN,01/18/2021 09:37:00 PM
05/04/2012,Equitas,Summary of Investment Information,32284,Equity,Equitas Holdings Limited,India,IND,Financial Institutions,FI-3,"Global Industry, Financial Markets",Active,06/13/2012,,,,17.81,17.81,IN,01/18/2021 09:37:00 PM
05/04/2012,Ujjivan,Summary of Investment Information,30283,Equity,UJJIVAN FINANCIAL SERVICES LIMITED,India,IND,Financial Institutions,FI-3,"Global Industry, Financial Markets",Active,06/14/2012,,,,8.01,8.01,IN,01/18/2021 09:37:00 PM
04/30/2012,Inabensa Bharat,Summary of Investment Information,31712,Loan,INABENSA BHARAT PRIVATE LIMITED,India,IND,Manufacturing,B,"Gbl Ind, Manufact, Agribus & Services",Completed,05/30/2012,,,14,,14,IN,01/18/2021 09:37:00 PM
04/25/2012,Alliance Tire,Summary of Proposed Investment,31828,Loan,ATC Tires Private Limited,India,IND,Manufacturing,B,"Gbl Ind, Manufact, Agribus &amp; Services",Completed,05/28/2012,,,50,10,60,IN,01/18/2021 09:37:00 PM
04/13/2012,Infuse Capital,Summary of Investment Information,32133,Equity,INFUSE CAPITAL,India,IND,Funds,FI-2,Disruptive Technologies and Funds,Active,05/15/2012,,,,5,5,IN,01/18/2021 09:37:00 PM
04/06/2012,Jain Irrigation Systems Ltd.,Summary of Investment Information,31665,Loan,JAIN IRRIGATION SYSTEMS LIMITED,India,IND,Infrastructure,B,"Gbl Ind, Manufact, Agribus & Services",Active,06/28/2012,,,60,10,70,IN,01/18/2021 09:37:00 PM
04/02/2012,Banyan Tree II,Summary of Proposed Investment,31882,Equity,BANYANTREE GROWTH CAPITAL II LLC,India,IND,Financial Institutions,FI,Disruptive Technologies and Funds,Active,05/30/2012,,,,25,25,IN,01/18/2021 09:37:00 PM
03/23/2012,Kalkitech 1,Summary of Investment Information,31750,Equity,KALKI COMMUNICATION TECHNOLOGIES PRIVATE LIMITED,India,IND,Health and Education,B,Regional Industry - INF Asia & Pac,Active,05/15/2012,,,,1.28,1.28,IN,01/18/2021 09:37:00 PM
03/19/2012,Doshion,Summary of Proposed Investment,31702,Equity,Doshion Limited,India,IND,Financial Institutions,B,Regional Industry - INF Asia & Pac,Pending Approval,05/01/2012,,,,24,24,IN,01/18/2021 09:37:00 PM
03/15/2012,Apollo Hosp,Summary of Proposed Investment,31549,Loan,APOLLO HOSPITALS ENTERPRISE LIMITED,India,IND,Financial Institutions,B,Regional Industry - MAS Asia & Pac,Completed,04/16/2012,,,60,,60,IN,01/18/2021 09:37:00 PM
03/14/2012,SAME DEUTZ India,Summary of Investment Information,32007,Loan,SAME DEUTZ-FAHR INDIA PRIVATE LIMITED,India,IND,Manufacturing,B,Regional Industry - MAS Asia & Pac,Completed,04/20/2012,,,18.61,,18.61,IN,01/18/2021 09:37:00 PM
03/02/2012,Power Grid,Summary of Proposed Investment,31419,Loan,POWER GRID CORPORATION OF INDIA LIMITED,India,IND,Infrastructure,A,Gbl Infrastructure &amp; Natural Resources,Active,05/03/2012,,,100,,100,IN,01/18/2021 09:37:00 PM
02/08/2012,Yes Bank,Summary of Proposed Investment,31493,Loan,YES BANK LIMITED,India,IND,Financial Institutions,FI,"Global Industry, Financial Markets",Active,03/09/2012,,,75,,75,IN,01/18/2021 09:37:00 PM
02/02/2012,SnowmanIII,Summary of Proposed Investment,31081,Loan,SNOWMAN LOGISTICS LIMITED,India,IND,Infrastructure,B,Gbl Infrastructure &amp; Natural Resources,Completed,03/03/2012,,,6.64,,6.64,IN,01/18/2021 09:37:00 PM
01/24/2012,Pragati Fund,Summary of Proposed Investment,31707,Equity,PRAGATI INDIA FUND LIMITED,India,IND,Financial Institutions,FI,Disruptive Technologies and Funds,Active,02/23/2012,,,,20,20,IN,01/18/2021 09:37:00 PM
01/23/2012,SRLL,Summary of Proposed Investment,31463,Equity,SRL LIMITED,India,IND,Infrastructure,B,Regional Industry - MAS Asia & Pac,Active,02/22/2012,,,,24.53,24.53,IN,01/18/2021 09:37:00 PM
12/23/2011,Laxmi Organic,Summary of Proposed Investment,31384,Loan,LAXMI ORGANIC INDUSTRIES LIMITED,India,IND,Agribusiness and Forestry,B,Regional Industry - MAS Asia & Pac,Completed,01/31/2012,,,10,10,20,IN,01/18/2021 09:37:00 PM
11/11/2011,IMGC India,Summary of Proposed Investment,29300,Equity,India Mortgage Guarantee Corporation Private Limited,India,IND,Infrastructure,C,"Global Industry, Financial Markets",Active,12/13/2011,,,,8.6,8.6,IN,01/18/2021 09:37:00 PM
11/10/2011,Zephyr India III,Summary of Proposed Investment,31470,Equity,ZEPHYR PEACOCK INDIA FUND III LIMITED,India,IND,Infrastructure,FI,Disruptive Technologies and Funds,Active,12/20/2011,,,,15,15,IN,01/18/2021 09:37:00 PM
10/12/2011,Microqual,Summary of Proposed Investment,31279,Loan,MICROQUAL TECHNO LIMITED,India,IND,Financial Institutions,B,Gbl Infrastructure & Natural Resources,Hold,11/30/2011,,,10,15,25,IN,01/18/2021 09:37:00 PM
09/21/2011,Ambit Pragma II,Summary of Proposed Investment,30962,Equity,APF II INDIA HOLDINGS PVT LTD,India,IND,Financial Institutions,FI,Disruptive Technologies and Funds,Active,11/03/2011,,,,20,20,IN,01/18/2021 09:37:00 PM
09/16/2011,Forum Synergies,Summary of Proposed Investment,27589,Equity,INDIA KNOWLEDGE MANUFACTURING COMPANY,India,IND,Financial Institutions,FI,Disruptive Technologies and Funds,Active,10/21/2011,,,,15,15,IN,01/18/2021 09:37:00 PM
08/23/2011,OSL Kochi,Summary of Proposed Investment,31166,Loan,SPARKLE PORT SERVICES LIMITED,India,IND,"Tourism, Retail, and Property",B,Regional Industry - INF Asia & Pac,Active,09/22/2011,,,11.34,,11.34,IN,01/18/2021 09:37:00 PM
08/22/2011,Cosmo IV,Summary of Proposed Investment,30018,Loan,COSMO FILMS LIMITED,India,IND,Financial Institutions,B,Regional Industry - MAS Asia & Pac,Completed,12/05/2011,,,20,,20,IN,01/18/2021 09:37:00 PM
08/11/2011,Granules II,Summary of Proposed Investment,31253,Loan,GRANULES INDIA LIMITED,India,IND,Financial Institutions,B,"Gbl Ind, Manufact, Agribus &amp; Services",Completed,09/12/2011,,,10,,10,IN,01/18/2021 09:37:00 PM
08/02/2011,Axis Bank Ltd.,Summary of Proposed Investment,29773,Loan,AXIS BANK LIMITED,India,IND,Financial Institutions,FI,"Global Industry, Financial Markets",Completed,09/01/2011,,,35,,35,IN,01/18/2021 09:37:00 PM
07/21/2011,FinCo,Summary of Proposed Investment,29843,Equity,Tata Cleantech Capital Limited,India,IND,Financial Institutions,FI,Regional Industry - FIG Asia & Pac,Active,08/31/2011,,,,5.13,5.13,IN,01/18/2021 09:37:00 PM
07/06/2011,Vortex,Summary of Proposed Investment,31068,Equity,VORTEX ENGINEERING PRIVATE LIMITED,India,IND,Infrastructure,C,"Global Industry, Financial Markets",Active,08/30/2011,,,,2.76,2.76,IN,01/18/2021 09:37:00 PM
06/30/2011,Bhilwara Green Energy Limited,Summary of Proposed Investment,30765,Loan,BHILWARA GREEN ENERGY LIMITED,India,IND,"Tourism, Retail, and Property",B,Regional Industry - INF Asia & Pac,Active,09/15/2011,,,15,,15,IN,01/18/2021 09:37:00 PM
05/16/2011,Magma Fincorp Limited,Summary of Proposed Investment,30569,Equity,MAGMA FINCORP LIMITED,India,IND,Financial Institutions,FI,"Global Industry, Financial Markets",Active,06/16/2011,,,,45,45,IN,01/18/2021 09:37:00 PM
05/03/2011,NSL Power,Summary of Proposed Investment,29912,Equity,NSL RENEWABLE POWER PRIVATE LIMITED,India,IND,Financial Institutions,A,Gbl Infrastructure &amp; Natural Resources,Active,07/07/2011,,,0,25,25,IN,01/18/2021 09:37:00 PM
05/03/2011,Paradeep Phosphates Limited,Summary of Proposed Investment,30658,Loan,PARADEEP PHOSPHATES LIMITED,India,IND,Infrastructure,B,Regional Industry - MAS Asia & Pac,Completed,06/08/2011,,,50,,50,IN,01/18/2021 09:37:00 PM
05/03/2011,Vishwa Infra,Summary of Proposed Investment,30859,Loan,VISHWA INFRASTRUCTURES AND SERVICES PRIVATE LIMITED,India,IND,Agribusiness and Forestry,B,Regional Industry - INF Asia & Pac,Active,06/03/2011,,,5,,5,IN,01/18/2021 09:37:00 PM
04/28/2011,Jain NBFC,Summary of Proposed Investment,30598,Equity,Sustainable Agro-Commercial Finance Limited,India,IND,Infrastructure,FI,Regional Industry - FIG Asia & Pac,Active,06/06/2011,,,,4.44,4.44,IN,01/18/2021 09:37:00 PM
04/15/2011,Vivimed,Summary of Proposed Investment,30585,Loan,VIVIMED LABS LIMITED,India,IND,Agribusiness and Forestry,B,Regional Industry - MAS Asia & Pac,Active,05/31/2011,,,20,,20,IN,01/18/2021 09:37:00 PM
04/01/2011,Dunar Foods Limited,Summary of Proposed Investment,30252,Equity,DUNAR FOODS LIMITED,India,IND,Infrastructure,B,Regional Industry - MAS Asia & Pac,Active,05/02/2011,,,,20,20,IN,01/18/2021 09:37:00 PM
03/31/2011,Aavishkaar MSME,Summary of Proposed Investment,30711,Equity,AAVISHKAAR INDIA II COMPANY LTD,India,IND,Infrastructure,FI,Disruptive Technologies and Funds,Active,05/30/2011,,,,15,15,IN,01/18/2021 09:37:00 PM
03/11/2011,Techno Wind,Summary of Proposed Investment,30400,Loan,Simran Wind Project Limited,India,IND,Financial Institutions,B,Regional Industry - INF Asia & Pac,Completed,04/15/2011,,,39.92,0.17,40.09,IN,01/18/2021 09:37:00 PM
03/04/2011,Shalivahana,Summary of Proposed Investment,30231,Loan,SHALIVAHANA GREEN ENERGY LIMITED,India,IND,Infrastructure,B,Gbl Infrastructure &amp; Natural Resources,Completed,04/15/2011,,,15,15,30,IN,01/18/2021 09:37:00 PM
02/10/2011,PTC Fin Loan,Summary of Proposed Investment,30223,Loan,PTC INDIA FINANCIAL SERVICES LIMITED,India,IND,Infrastructure,FI,"Global Industry, Financial Markets",Active,03/14/2011,,,50,,50,IN,01/18/2021 09:37:00 PM
02/02/2011,Exim India: South Asian IDA countries Export Facility,Summary of Proposed Investment,30554,Loan,EXPORT-IMPORT BANK OF INDIA,India,IND,Financial Institutions,FI,"Global Industry, Financial Markets",Completed,03/04/2011,,,75,,75,IN,01/18/2021 09:37:00 PM
01/19/2011,Kaizen,Summary of Proposed Investment,29922,Equity,KAIZEN PRIVATE EQUITY,India,IND,Financial Institutions,FI,"Gbl Ind, Manufact, Agribus &amp; Services",Active,02/25/2011,,,,10,10,IN,01/18/2021 09:37:00 PM
01/13/2011,Bandhan,Summary of Proposed Investment,27223,Equity,BANDHAN FINANCIAL SERVICES LIMITED,India,IND,Financial Institutions,FI,"Global Industry, Financial Markets",Active,02/17/2011,,,,30,30,IN,01/18/2021 09:37:00 PM
12/07/2010,SEWA,Summary of Proposed Investment,30204,Guarantee,Self Employed Women's Association,India,IND,Infrastructure,FI,"Global Industry, Financial Markets",Completed,01/10/2011,,1.75,,,1.75,IN,01/18/2021 09:37:00 PM
12/02/2010,Vinati Organics Limited,Summary of Proposed Investment,29988,Loan,VINATI ORGANICS LIMITED,India,IND,Financial Institutions,B,Regional Industry - MAS Asia & Pac,Completed,01/03/2011,,,16,0,16,IN,01/18/2021 09:37:00 PM
11/03/2010,Gamesa,Summary of Proposed Investment,29815,Loan,GAMESA RENEWABLE PRIVATE LIMITED,India,IND,Financial Institutions,B,Regional Industry - MAS Asia & Pac,Completed,12/06/2010,,,14.72,,14.72,IN,01/18/2021 09:37:00 PM
08/20/2010,India Collections Management Private Ltd,Summary of Proposed Investment,28136,Equity,India Collections Management Private Ltd.,India,IND,Infrastructure,FI,Regional Industry - FIG Asia & Pac,Completed,09/20/2010,,,,1.96,1.96,IN,01/18/2021 09:37:00 PM
08/04/2010,Attero Recycling,Summary of Proposed Investment,29690,Equity,ATTERO RECYCLING PRIVATE LIMITED,India,IND,Financial Institutions,B,Gbl Infrastructure &amp; Natural Resources,Active,09/24/2010,,,0,5,5,IN,01/18/2021 09:37:00 PM
05/26/2010,National Collateral Management Services Limited,Summary of Proposed Investment,29266,Equity,NATIONAL COLLATERAL MANAGEMENT SERVICES LIMITED,India,IND,Infrastructure,B,Gbl Infrastructure &amp; Natural Resources,Completed,07/15/2010,,,,6.75,6.75,IN,01/18/2021 09:37:00 PM
05/17/2010,Craftsman I,Summary of Proposed Investment,29515,Equity,CRAFTSMAN AUTOMATION LIMITED,India,IND,Infrastructure,B,"Gbl Ind, Manufact, Agribus &amp; Services",Active,06/18/2010,,,,12.93,12.93,IN,01/18/2021 09:37:00 PM
05/11/2010,Exim India II,Summary of Proposed Investment,29219,Loan,EXPORT-IMPORT BANK OF INDIA,India,IND,Infrastructure,FI,Regional Industry - FIG Asia & Pac,Completed,06/11/2010,,,75,,75,IN,01/18/2021 09:37:00 PM
05/04/2010,Atul II,Summary of Proposed Investment,29019,Loan,ATUL LIMITED,India,IND,Infrastructure,B,Regional Industry - MAS Asia & Pac,Completed,06/07/2010,,,12.5,,12.5,IN,01/18/2021 09:37:00 PM
04/30/2010,Lok II,Summary of Proposed Investment,29593,Equity,SARVA CAPITAL LLC,India,IND,Infrastructure,FI,Regional Industry - FIG Asia & Pac,Active,06/03/2010,,,,15,15,IN,01/18/2021 09:37:00 PM
04/27/2010,WEG Industries (India) Pvt. Ltd.,Summary of Proposed Investment,29053,Loan,Weg S/A.,India,IND,Infrastructure,B,Regional Industry - MAS LAC,Completed,05/27/2010,,,25,,25,IN,01/18/2021 09:37:00 PM
04/22/2010,Apollo - III,Summary of Proposed Investment,29406,Loan,APOLLO TYRES LIMITED,India,IND,Infrastructure,B,"Gbl Ind, Manufact, Agribus &amp; Services",Completed,05/26/2010,,,30,,30,IN,01/18/2021 09:37:00 PM
04/21/2010,Applied Solar,Summary of Proposed Investment,29501,Loan,APPLIED SOLAR TECHNOLOGIES INDIA PRIVATE LIMITED,India,IND,Infrastructure,C,Gbl Infrastructure &amp; Natural Resources,Active,05/23/2010,,,15,6,21,IN,01/18/2021 09:37:00 PM
04/16/2010,IDFC Climate Change Loan,Summary of Proposed Investment,27738,Loan,IDFC LIMITED,India,IND,Financial Institutions,FI,Regional Industry - FIG Asia & Pac,Active,05/20/2010,,,75,,75,IN,01/18/2021 09:37:00 PM
04/09/2010,Aavishkaar Goodwell India Microfinance Development Company II,Summary of Proposed Investment,29594,Equity,AAVISHKAAR GOODWELL INDIA MICROFINANCE DEVELOPMENT COMPANY II LIMITED,India,IND,Infrastructure,FI,Regional Industry - FIG Asia & Pac,Active,05/28/2010,,,,15,15,IN,01/18/2021 09:37:00 PM
04/08/2010,Husk Power,Summary of Proposed Investment,29024,Loan,HUSK POWER SYSTEMS PRIVATE LIMITED,India,IND,Infrastructure,B,Gbl Infrastructure &amp; Natural Resources,Completed,05/10/2010,,,0.25,1,1.25,IN,01/18/2021 09:37:00 PM
04/05/2010,Cholamandalam DBS Finance Limited,Summary of Proposed Investment,28851,Equity,CHOLAMANDALAM INVESTMENT AND FINANCE COMPANY LIMITED,India,IND,Funds,FI,"Global Industry, Financial Markets",Completed,05/05/2010,,,,22.61,22.61,IN,01/18/2021 09:37:00 PM
03/12/2010,Suvidhaa,Summary of Proposed Investment,29408,Equity,Suvidhaa Infoserve Private Limited,India,IND,Infrastructure,C,"TMT, Venture Capital &amp; Funds",Completed,04/15/2010,,,,5,5,IN,01/18/2021 09:37:00 PM
02/18/2010,Auro Mira Energy,Summary of Proposed Investment,28504,Equity,AURO MIRA ENERGY COMPANY PRIVATE LIMITED,India,IND,Financial Institutions,B,Regional Industry - INF Asia & Pac,Active,03/25/2010,,,,7.97,7.97,IN,01/18/2021 09:37:00 PM
02/09/2010,Dewan LIS HFC,Summary of Proposed Investment,29358,Equity,AADHAR HOUSING FINANCE LIMITED,India,IND,Infrastructure,C,"Global Industry, Financial Markets",Completed,03/19/2010,,,,4.45,4.45,IN,01/18/2021 09:37:00 PM
01/25/2010,Bhilwara Energy,Summary of Proposed Investment,29157,Equity,BHILWARA ENERGY LIMITED,India,IND,Infrastructure,A,Gbl Infrastructure &amp; Natural Resources,Active,03/31/2010,,,,23.9,23.9,IN,01/18/2021 09:37:00 PM
11/24/2009,Kalyani Gerdau,Summary of Proposed Investment,28611,Loan,GERDAU STEEL INDIA LIMITED,India,IND,Financial Institutions,B,"Gbl Ind, Manufact, Agribus &amp; Services",Completed,12/24/2009,,,25,,25,IN,01/18/2021 09:37:00 PM
11/23/2009,AU Financiers,Summary of Proposed Investment,28724,Equity,AU SMALL FINANCE BANK LIMITED,India,IND,Financial Institutions,FI,"Global Industry, Financial Markets",Completed,12/24/2009,,,,7.59,7.59,IN,01/18/2021 09:37:00 PM
11/17/2009,Azure Power,Summary of Proposed Investment,28631,Equity,AZURE POWER INDIA PRIVATE LIMITED,India,IND,Financial Institutions,B,Gbl Infrastructure &amp; Natural Resources,Active,12/22/2009,,,,10,10,IN,01/18/2021 09:37:00 PM
11/10/2009,Utkarsh MFI,Summary of Proposed Investment,29056,Equity,UTKARSH COREINVEST LIMITED,India,IND,Infrastructure,FI,"Global Industry, Financial Markets",Active,12/22/2009,,,,0.3,0.3,IN,01/18/2021 09:37:00 PM
10/26/2009,VicatSagarCement,Summary of Proposed Investment,28350,Loan,KALBURGI CEMENT PRIVATE LIMITED,India,IND,Financial Institutions,A,Regional Industry - MAS Asia & Pac,Completed,12/29/2009,,,75,15,90,IN,01/18/2021 09:37:00 PM
10/02/2009,Belstar,Summary of Proposed Investment,28816,Equity,BELSTAR INVESTMENT AND FINANCE PRIVATE LIMITED,India,IND,Funds,FI,Regional Industry - FIG Asia & Pac,Completed,11/05/2009,,,,1.17,1.17,IN,01/18/2021 09:37:00 PM
10/01/2009,CCIL CPLP,Summary of Proposed Investment,28571,Loan,CONTINENTAL CARBON INDIA LIMITED,India,IND,Financial Institutions,C,"Gbl Ind, Manufact, Agribus &amp; Services",Completed,11/02/2009,,,20,,20,IN,01/18/2021 09:37:00 PM
08/14/2009,SnowmanII,Summary of Proposed Investment,26688,Equity,SNOWMAN LOGISTICS LIMITED,India,IND,Financial Institutions,B,Gbl Infrastructure &amp; Natural Resources,Completed,09/15/2009,,,,5.38,5.38,IN,01/18/2021 09:37:00 PM
05/28/2009,SEGEF Moser Baer,Summary of Proposed Investment,567207,,UNKNOWN,India,IND,Agribusiness and Forestry,B,Sustainable Business Advisory Dept,Completed,06/30/2009,,,,,,IN,01/18/2021 09:37:00 PM
05/12/2009,Apollo Loan,Summary of Proposed Investment,25969,Loan,APOLLO HOSPITALS ENTERPRISE LIMITED,India,IND,Financial Institutions,B,Regional Industry - MAS Asia & Pac,Completed,06/15/2009,,,50,0,50,IN,01/18/2021 09:37:00 PM
05/12/2009,Max Healthcare 3,Summary of Proposed Investment,27976,Equity,MAX FINANCIAL SERVICES LIMITED,India,IND,Infrastructure,B,"Gbl Ind, Manufact, Agribus &amp; Services",Completed,06/11/2009,,,,42.39,42.39,IN,01/18/2021 09:37:00 PM
05/06/2009,JK Paper CPLP,Summary of Proposed Investment,28233,Loan,JK PAPER LIMITED,India,IND,Financial Institutions,C,"Gbl Ind, Manufact, Agribus & Services",Completed,06/08/2009,,,20,,20,IN,01/18/2021 09:37:00 PM
04/13/2009,Granules CPLP,Summary of Proposed Investment,28199,Loan,GRANULES INDIA LIMITED,India,IND,Financial Institutions,C,"Gbl Ind, Manufact, Agribus &amp; Services",Completed,05/20/2009,,,20,,20,IN,01/18/2021 09:37:00 PM
04/09/2009,Exim Bank of India Trade Finance,Summary of Proposed Investment,27868,Loan,EXPORT-IMPORT BANK OF INDIA,India,IND,Financial Institutions,FI,"Global Industry, Financial Markets",Completed,05/28/2009,,,30,,30,IN,01/18/2021 09:37:00 PM
04/03/2009,"Zephyr Peacock India Fund II, L.P.",Summary of Proposed Investment,27466,Equity,ZEPHYR PEACOCK INDIA FUND II LIMITED,India,IND,Financial Institutions,FI,"TMT, Venture Capital &amp; Funds",Active,05/29/2009,,,,15,15,IN,01/18/2021 09:37:00 PM
03/12/2009,VW-India Pvt. Ltd.,Summary of Proposed Investment,27926,Risk Management,VOLKSWAGEN INDIA PRIVATE LIMITED,India,IND,Financial Institutions,B,Regional Industry - MAS Asia & Pac,Completed,04/15/2009,22,,78.02,,100.02,IN,01/18/2021 09:37:00 PM
12/29/2008,MSETCL,Summary of Proposed Investment,27519,Loan,MAHARASHTRA STATE ELECTRICITY TRANSMISSION COMPANY LIMITED,India,IND,Financial Institutions,B,Regional Industry - INF Asia & Pac,Completed,03/05/2009,,,50,,50,IN,01/18/2021 09:37:00 PM
12/19/2008,Jain-II,Summary of Proposed Investment,27624,Loan,JAIN IRRIGATION SYSTEMS LIMITED,India,IND,Financial Institutions,B,"Gbl Ind, Manufact, Agribus &amp; Services",Active,01/23/2009,,,30,14.22,44.22,IN,01/18/2021 09:37:00 PM
10/30/2008,Himadri,Summary of Proposed Investment,27560,Risk Management,Himadri Speciality Chemical Limited,India,IND,Financial Institutions,B,"Gbl Ind, Manufact, Agribus &amp; Services",Completed,12/04/2008,21.5,,25,,46.5,IN,01/18/2021 09:37:00 PM
10/24/2008,Dishman India,Summary of Proposed Investment,27580,Loan,DISHMAN PHARMACEUTICALS AND CHEMICALS LIMITED,India,IND,Financial Institutions,B,Regional Industry - MAS Asia & Pac,Completed,11/24/2008,,,15,,15,IN,01/18/2021 09:37:00 PM
09/25/2008,Avigo PE Investments Ltd.,Summary of Proposed Investment,27524,Equity,AVIGO PE INVESTMENTS LTD,India,IND,Financial Institutions,FI,Disruptive Technologies and Funds,Active,10/30/2008,,,,20,20,IN,01/18/2021 09:37:00 PM
07/30/2008,Waterhealth India Private Limited,Summary of Proposed Investment,27215,Loan,WATERHEALTH INDIA PRIVATE LIMITED,India,IND,Financial Institutions,B,Regional Industry - INF Asia & Pac,Active,09/02/2008,,,15,0,15,IN,01/18/2021 09:37:00 PM
07/03/2008,HIKAL,Summary of Proposed Investment,27317,Loan,HIKAL LIMITED,India,IND,Financial Institutions,B,"Gbl Ind, Manufact, Agribus &amp; Services",Completed,08/04/2008,,,15,18.73,33.73,IN,01/18/2021 09:37:00 PM
06/30/2008,OceanSparkle III,Summary of Proposed Investment,27021,Equity,OCEAN SPARKLE LIMITED,India,IND,Financial Institutions,B,Gbl Infrastructure &amp; Natural Resources,Active,07/30/2008,,,,9.43,9.43,IN,01/18/2021 09:37:00 PM
06/20/2008,DSCL Bharuch Expansion,Summary of Proposed Investment,27161,Risk Management,DCM SHRIRAM LIMITED,India,IND,Financial Institutions,B,"Gbl Ind, Manufact, Agribus &amp; Services",Completed,07/31/2008,4,,50,,54,IN,01/18/2021 09:37:00 PM
05/28/2008,Modern Dairies Limited,Summary of Proposed Investment,26947,Loan,MODERN DAIRES LIMITED,India,IND,Financial Institutions,B,Regional Industry - MAS Asia & Pac,Completed,06/27/2008,,,8.5,6.94,15.44,IN,01/18/2021 09:37:00 PM
05/20/2008,Polycab,Summary of Proposed Investment,26794,Equity,POLYCAB WIRES PRIVATE LIMITED,India,IND,Financial Institutions,B,Regional Industry - MAS Asia & Pac,Active,06/19/2008,,,0,139.36,139.36,IN,01/18/2021 09:37:00 PM
04/21/2008,Midas,Summary of Proposed Investment,26978,Equity,Midas Communication Technologies Private Limited,India,IND,Financial Institutions,B,Gbl Infrastructure & Natural Resources,Completed,05/21/2008,,,,15,15,IN,01/18/2021 09:37:00 PM
04/16/2008,India Agri Fund,Summary of Proposed Investment,26768,Equity,INDIA AGRI BUSINESS FUND LIMITED,India,IND,Financial Institutions,FI,Regional Industry - MAS Asia & Pac,Active,05/16/2008,,,,20.01,20.01,IN,01/18/2021 09:37:00 PM
04/11/2008,"Connectiva Systems, Inc. (India)",Summary of Proposed Investment,27146,Equity,CONNECTIVA SYSTEMS (INDIA) PRIVATE LIMITED,India,IND,Financial Institutions,C,Gbl Infrastructure & Natural Resources,Completed,05/29/2008,,,,5,5,IN,01/18/2021 09:37:00 PM
04/07/2008,Kamani Oils,Summary of Proposed Investment,26530,Equity,AAK KAMANI PRIVATE LIMITED,India,IND,Financial Institutions,B,Regional Industry - MAS Asia & Pac,Completed,05/07/2008,,,,6.35,6.35,IN,01/18/2021 09:37:00 PM
03/31/2008,Cairn India II,Summary of Proposed Investment,26763,Loan,Cairn Energy Hydrocarbons Limited,India,IND,Financial Institutions,A,Gbl Infrastructure & Natural Resources,Completed,05/30/2008,,,250,,250,IN,01/18/2021 09:37:00 PM
03/11/2008,Samson,Summary of Proposed Investment,26817,Loan,SAMSON MARITIME LIMITED,India,IND,Financial Institutions,B,Gbl Infrastructure &amp; Natural Resources,Completed,04/11/2008,,,24,6.23,30.23,IN,01/18/2021 09:37:00 PM
02/19/2008,Idea Cellular,Summary of Proposed Investment,25545,Loan,IDEA CELLULAR LIMITED,India,IND,other,B,"TMT, Venture Capital &amp; Funds",Completed,03/20/2008,,,100,,100,IN,01/18/2021 09:37:00 PM
02/12/2008,Rockland,Summary of Proposed Investment,26248,Equity,ROCKLAND HOSPITALS LIMITED,India,IND,Financial Institutions,B,Regional Industry - MAS Asia & Pac,Completed,03/27/2008,,,,13.71,13.71,IN,01/18/2021 09:37:00 PM
01/04/2008,APF - I (Mauritius) Limited,Summary of Proposed Investment,26469,Equity,APF I (MAURITIUS) LIMITED,India,IND,Financial Institutions,FI,"TMT, Venture Capital &amp; Funds",Active,02/04/2008,,,,15,15,IN,01/18/2021 09:37:00 PM
12/20/2007,HNG Float,Summary of Proposed Investment,25932,Loan,HNG FLOAT GLASS LIMITED,India,IND,Financial Institutions,B,Regional Industry - MAS Asia & Pac,Completed,01/21/2008,,,20,5,25,IN,01/18/2021 09:37:00 PM
12/07/2007,AllainDuhanganII,Summary of Proposed Investment,26500,Loan,AD HYDRO POWER LIMITED,India,IND,Financial Institutions,A,Regional Industry - INF Asia & Pac,Active,02/07/2008,,,31.84,10,41.84,IN,01/18/2021 09:37:00 PM
12/04/2007,Meghmani Finechem Limited,Summary of Proposed Investment,25463,Loan,MEGHMANI FINECHEM LIMITED,India,IND,other,B,Regional Industry - MAS Asia & Pac,Completed,01/08/2008,,,20,13.56,33.56,IN,01/18/2021 09:37:00 PM
11/30/2007,Punj Upstream Phase One,Summary of Proposed Investment,26470,Loan,PUNJ LLOYD UPSTREAM LIMITED,India,IND,Financial Institutions,B,Regional Industry - INF Asia & Pac,Active,01/02/2008,,,25,5,30,IN,01/18/2021 09:37:00 PM
11/27/2007,Tata Ultra Mega,Summary of Proposed Investment,25797,Loan,COASTAL GUJARAT POWER LIMITED,India,IND,Financial Institutions,A,Regional Industry - INF Asia & Pac,Completed,03/27/2008,,,450,,450,IN,01/18/2021 09:37:00 PM
11/07/2007,Rain CDG,Summary of Proposed Investment,26609,Risk Management,RAIN CII CARBON (VIZAG) LIMITED,India,IND,Financial Institutions,B,Regional Industry - MAS Asia & Pac,Completed,12/07/2007,39,,,,39,IN,01/18/2021 09:37:00 PM
10/17/2007,Lifetree,Summary of Proposed Investment,26502,Equity,TECNOTREE CONVERGENCE PRIVATE LIMITED,India,IND,Financial Institutions,C,Gbl Infrastructure & Natural Resources,Completed,11/19/2007,,,,20,20,IN,01/18/2021 09:37:00 PM
09/20/2007,Macquarie India Infrastructure Opportunities Fund,Summary of Proposed Investment,26334,Equity,Macquarie SBI Infrastructure Trust,India,IND,Financial Institutions,FI,Regional Industry - INF Asia & Pac,Active,11/01/2007,,,,150,150,IN,01/18/2021 09:37:00 PM
09/05/2007,Punj Lloyd Corporate Finance,Summary of Proposed Investment,25903,Loan,PUNJ-LLOYD LIMITED,India,IND,Financial Institutions,B,Regional Industry - INF Asia & Pac,Active,10/15/2007,,,50,,50,IN,01/18/2021 09:37:00 PM
08/31/2007,Angel Infin Pvt Ltd,Summary of Proposed Investment,26395,Equity,Angel Broking LIMITED,India,IND,Financial Institutions,C,Regional Industry - FIG Asia & Pac,Active,10/04/2007,,,,37.52,37.52,IN,01/18/2021 09:37:00 PM
08/24/2007,India Infr. Fund,Summary of Proposed Investment,26237,Equity,INDIA INFRASTRUCTURE FUND,India,IND,Financial Institutions,FI,Regional Industry - INF Asia & Pac,Active,09/27/2007,,,,100,100,IN,01/18/2021 09:37:00 PM
08/10/2007,Jain Irrigation,Summary of Proposed Investment,24485,Loan,JAIN IRRIGATION SYSTEMS LIMITED,India,IND,other,B,"Gbl Ind, Manufact, Agribus &amp; Services",Active,09/10/2007,,,30,,30,IN,01/18/2021 09:37:00 PM
08/09/2007,The South Indian Bank Limited,Summary of Proposed Investment,26384,Equity,THE SOUTH INDIAN BANK LIMITED,India,IND,Financial Institutions,FI,Regional Industry - FIG Asia & Pac,Completed,09/10/2007,,,,18,18,IN,01/18/2021 09:37:00 PM
05/31/2007,Owens Corning II,Summary of Proposed Investment,26038,Loan,OWENS CORNING INDUSTRIES (INDIA) PRIVATE LIMITED,India,IND,Financial Institutions,B,"Gbl Ind, Manufact, Agribus &amp; Services",Completed,07/03/2007,,,12,,12,IN,01/18/2021 09:37:00 PM
05/24/2007,Samara Capital Partners Ltd,Summary of Proposed Investment,25790,Equity,SAMARA CAPITAL PARTNERS FUND I LIMITED,India,IND,Financial Institutions,FI,Disruptive Technologies and Funds,Active,06/25/2007,,,,10,10,IN,01/18/2021 09:37:00 PM
05/21/2007,Aloe Environment Fund 2,Summary of Proposed Investment,25549,Equity,GREEN INVESTMENT ASIA SUSTAINABILITY FUND I,India,IND,other,FI,Disruptive Technologies and Funds,Active,07/02/2007,,,,19.21,19.21,IN,01/18/2021 09:37:00 PM
05/03/2007,Granules,Summary of Proposed Investment,25947,Loan,GRANULES INDIA LIMITED,India,IND,Financial Institutions,B,"Gbl Ind, Manufact, Agribus &amp; Services",Completed,06/04/2007,,,9,6,15,IN,01/18/2021 09:37:00 PM
04/13/2007,GSPL,Summary of Proposed Investment,25637,Loan,GUJARAT STATE PETRONET LIMITED,India,IND,other,B,Regional Industry - INF Asia & Pac,Completed,05/17/2007,,,74.67,30,104.67,IN,01/18/2021 09:37:00 PM
04/04/2007,Petronet,Summary of Proposed Investment,24902,Loan,PETRONET LNG LIMITED,India,IND,other,B,Regional Industry - INF Asia & Pac,Active,05/10/2007,,,150,50,200,IN,01/18/2021 09:37:00 PM
03/16/2007,Lanco Amarkantak Thermal Power Station,Summary of Proposed Investment,24880,Equity,LANCO AMARKANTAK POWER PRIVATE LIMITED,India,IND,other,A,Gbl Infrastructure &amp; Natural Resources,Completed,05/17/2007,,,,8,8,IN,01/18/2021 09:37:00 PM
03/16/2007,Kanoria Chem,Summary of Proposed Investment,25015,Loan,KANORIA CHEMICALS AND INDUSTRIES LIMITED,India,IND,other,B,Regional Industry - MAS Asia & Pac,Completed,04/16/2007,,,15,5,20,IN,01/18/2021 09:37:00 PM
03/13/2007,Max Phase II,Summary of Proposed Investment,25805,Equity,MAX HEALTHCARE INSTITUTE LIMITED,India,IND,Financial Institutions,B,"Gbl Ind, Manufact, Agribus &amp; Services",Active,05/10/2007,,,,67.14,67.14,IN,01/18/2021 09:37:00 PM
03/13/2007,Electrotherm,Summary of Proposed Investment,25849,Loan,ELECTROTHERM (INDIA) LIMITED,India,IND,Financial Institutions,B,Regional Industry - MAS Asia & Pac,Completed,04/16/2007,,,25,,25,IN,01/18/2021 09:37:00 PM
03/05/2007,The Avigo SME Fund II,Summary of Proposed Investment,25638,Equity,AVIGO VENTURE INVESTMENTS LIMITED,India,IND,other,FI,Disruptive Technologies and Funds,Active,04/11/2007,,,,10,10,IN,01/18/2021 09:37:00 PM
02/27/2007,MSPL Limited,Summary of Proposed Investment,25115,Loan,MSPL LIMITED,India,IND,other,B,Regional Industry - INF Asia & Pac,Completed,03/30/2007,,,33,,33,IN,01/18/2021 09:37:00 PM
02/27/2007,Balrampur II,Summary of Proposed Investment,25819,Loan,BALRAMPUR CHINI MILLS LIMITED,India,IND,Financial Institutions,B,Regional Industry - MAS Asia & Pac,Completed,03/29/2007,,,40,,40,IN,01/18/2021 09:37:00 PM
02/26/2007,Aavishkaar,Summary of Proposed Investment,25980,Equity,AAVISHKAAR GOODWELL INDIA MICROFINANCE DEVELOPMENT COMPANY LIMITED,India,IND,Financial Institutions,FI,"Global Industry, Financial Markets",Active,03/29/2007,,,,5,5,IN,01/18/2021 09:37:00 PM
02/12/2007,VenturEast Proactive Fund,Summary of Proposed Investment,25576,Equity,VENTUREAST PROACTIVE FUND LLC,India,IND,other,FI,"TMT, Venture Capital &amp; Funds",Active,03/14/2007,,,,15,15,IN,01/18/2021 09:37:00 PM
02/07/2007,KMB UT2,Summary of Proposed Investment,25800,Loan,KOTAK MAHINDRA BANK LIMITED,India,IND,Financial Institutions,FI,"Global Industry, Financial Markets",Completed,03/14/2007,,,45,,45,IN,01/18/2021 09:37:00 PM
02/05/2007,West Coast Paper,Summary of Proposed Investment,24711,Loan,THE WEST COAST PAPER MILLS LIMITED,India,IND,other,B,Regional Industry - MAS Asia & Pac,Completed,04/16/2007,,,40,,40,IN,01/18/2021 09:37:00 PM
01/16/2007,BHSIL,Summary of Proposed Investment,25554,Loan,Bajaj Hindusthan Sugar Limited,India,IND,other,B,Regional Industry - MAS Asia & Pac,Completed,02/16/2007,,,50,,50,IN,01/18/2021 09:37:00 PM
11/27/2006,Moser Baer PV,Summary of Proposed Investment,25017,Loan,Moser Baer Photovoltaic Limited,India,IND,other,B,Regional Industry - MAS Asia & Pac,Active,12/28/2006,,,22.5,,22.5,IN,01/18/2021 09:37:00 PM
10/27/2006,ICICI Bank UT2,Summary of Proposed Investment,25492,Loan,ICICI BANK LIMITED,India,IND,other,FI,Regional Industry - FIG Asia & Pac,Completed,12/07/2006,,,150,,150,IN,01/18/2021 09:37:00 PM
09/26/2006,Cairn India,Summary of Proposed Investment,25474,Equity,CAIRN INDIA LIMITED,India,IND,other,B,Gbl Infrastructure &amp; Natural Resources,Completed,10/26/2006,,,,50,50,IN,01/18/2021 09:37:00 PM
09/14/2006,Tata Tea,Summary of Proposed Investment,25074,Equity,Amalgamated Plantations Private Limited,India,IND,other,B,Regional Industry - MAS Asia & Pac,Active,10/16/2006,,,,7.87,7.87,IN,01/18/2021 09:37:00 PM
09/07/2006,OCL India Ltd.,Summary of Proposed Investment,24668,Loan,OCL INDIA LIMITED,India,IND,other,B,"Gbl Ind, Manufact, Agribus &amp; Services",Completed,10/09/2006,,,50,,50,IN,01/18/2021 09:37:00 PM
09/07/2006,Financial Information Network & Operations Pvt. Ltd.,Summary of Proposed Investment,25309,Equity,FINO PAYTECH LIMITED,India,IND,other,C,"Global Industry, Financial Markets",Active,10/09/2006,,,,5,5,IN,01/18/2021 09:37:00 PM
09/05/2006,Ocean Sparkle II,Summary of Proposed Investment,25169,Loan,OCEAN SPARKLE LIMITED,India,IND,other,B,Gbl Infrastructure &amp; Natural Resources,Active,10/05/2006,,,25.44,,25.44,IN,01/18/2021 09:37:00 PM
09/05/2006,HDFC Bank UT2,Summary of Proposed Investment,25444,Loan,HDFC BANK LIMITED,India,IND,other,FI,"Global Industry, Financial Markets",Completed,10/05/2006,,,100,,100,IN,01/18/2021 09:37:00 PM
07/21/2006,Suguna,Summary of Proposed Investment,25065,Loan,Suguna Foods Private Limited,India,IND,other,B,Regional Industry - MAS Asia & Pac,Completed,09/20/2006,,,17.76,11.25,29.01,IN,01/18/2021 09:37:00 PM
04/27/2006,Ocimum Bio,Summary of Proposed Investment,24830,Loan,OCIMUM BIOSOLUTIONS LTD,India,IND,other,B,Regional Industry - MAS Asia & Pac,Completed,06/06/2006,,,2.6,3.9,6.5,IN,01/18/2021 09:37:00 PM
04/03/2006,Continental Carbon of India Limited II,Summary of Proposed Investment,24066,Loan,CONTINENTAL CARBON INDIA LIMITED,India,IND,other,B,"Gbl Ind, Manufact, Agribus &amp; Services",Completed,05/03/2006,,,7,2,9,IN,01/18/2021 09:37:00 PM
03/31/2006,ABC Coffee,Summary of Proposed Investment,24444,Loan,COFFEE DAY GLOBAL LIMITED,India,IND,other,B,Regional Industry - MAS Asia & Pac,Completed,05/02/2006,,,10,5,15,IN,01/18/2021 09:37:00 PM
03/10/2006,LGB,Summary of Proposed Investment,24787,Loan,L.G. BALAKRISHNAN & BROS LIMITED,India,IND,other,B,Regional Industry - MAS Asia & Pac,Completed,04/30/2006,,,15,5,20,IN,01/18/2021 09:37:00 PM
03/07/2006,Atul Ltd,Summary of Proposed Investment,20509,Loan,ATUL LIMITED,India,IND,other,B,"Gbl Ind, Manufact, Agribus &amp; Services",Completed,04/15/2006,,,17.5,5,22.5,IN,01/18/2021 09:37:00 PM
02/24/2006,DCM Shriram Consolidated Limited - II,Summary of Proposed Investment,24732,Loan,DCM SHRIRAM LIMITED,India,IND,other,B,"Gbl Ind, Manufact, Agribus &amp; Services",Completed,03/24/2006,,,15,,15,IN,01/18/2021 09:37:00 PM
01/31/2006,JK Paper Ltd.,Summary of Proposed Investment,24171,Loan,JK PAPER LIMITED,India,IND,other,B,"Gbl Ind, Manufact, Agribus &amp; Services",Completed,03/02/2006,,,15,11.5,26.5,IN,01/18/2021 09:37:00 PM
01/27/2006,iLabs Fund II,Summary of Proposed Investment,24705,Equity,PEEPUL CAPITAL FUND II LLC,India,IND,other,FI,Disruptive Technologies and Funds,Active,02/02/2006,,,,20,20,IN,01/18/2021 09:37:00 PM
12/14/2005,Lok Microfinance,Summary of Proposed Investment,24331,Equity,LOK CAPITAL LLC,India,IND,other,FI,"Global Industry, Financial Markets",Completed,01/21/2006,,,,2,2,IN,01/18/2021 09:37:00 PM
12/12/2005,PSL Limited,Summary of Proposed Investment,24535,Loan,PSL LIMITED,India,IND,other,B,Regional Industry - MAS Asia & Pac,Completed,01/11/2006,,,15,5,20,IN,01/18/2021 09:37:00 PM
11/30/2005,Federal Bank,Summary of Proposed Investment,24493,Loan,THE FEDERAL BANK LIMITED,India,IND,other,FI-1,"Global Industry, Financial Markets",Active,01/05/2006,,,10,40,50,IN,01/18/2021 09:37:00 PM
11/11/2005,INCaF Enercon Wind,Summary of Proposed Investment,522093,,Enercon (India) Ltd.,India,IND,Infrastructure,B,Climate Business Department,Completed,12/12/2005,,,,,,IN,01/18/2021 09:37:00 PM
10/29/2005,INCaF IHDC Small Hydros,Summary of Proposed Investment,531872,,IHDC DODSON LINDBLOM HYDRO POWER PVT LTD,India,IND,Infrastructure,C,Climate Business Department,Completed,11/27/2005,,,,,,IN,01/18/2021 09:37:00 PM
09/26/2005,Indecomm Corporation,Summary of Proposed Investment,24549,Equity,Indecomm Global Services (India) Private Limited,India,IND,other,C,Gbl Infrastructure & Natural Resources,Completed,10/26/2005,,,,2.6,2.6,IN,01/18/2021 09:37:00 PM
08/08/2005,IAL,Summary of Proposed Investment,24354,Equity,IAC INTERNATIONAL AUTOMOTIVE INDIA PRIVATE LIMITED,India,IND,other,B,Regional Industry - MAS Asia & Pac,Completed,09/08/2005,,,,9.96,9.96,IN,01/18/2021 09:37:00 PM
07/05/2005,Apollo equity,Summary of Proposed Investment,24406,Equity,APOLLO HOSPITALS ENTERPRISE LIMITED,India,IND,other,B,"Gbl Ind, Manufact, Agribus &amp; Services",Completed,08/04/2005,,,,20,20,IN,01/18/2021 09:37:00 PM
06/16/2005,Dodson-Lindblom Hydropower Private Limited,Summary of Proposed Investment,23833,Loan,IHDC DODSON LINDBLOM HYDRO POWER PVT LTD,India,IND,other,B,Gbl Infrastructure &amp; Natural Resources,Completed,07/25/2005,,,17,,17,IN,01/18/2021 09:37:00 PM
05/26/2005,KPIT,Summary of Proposed Investment,24126,Loan,KPIT Technologies Limited,India,IND,other,C,Gbl Infrastructure & Natural Resources,Completed,06/24/2005,,,11,2.5,13.5,IN,01/18/2021 09:37:00 PM
05/10/2005,Ramky Infrastructure,Summary of Proposed Investment,23966,Loan,RAMKY INFRASTRUCTURE LIMITED,India,IND,other,B,Regional Industry - INF Asia & Pac,Completed,06/06/2005,,,4,11,15,IN,01/18/2021 09:37:00 PM
04/29/2005,Dabur Pharma,Summary of Proposed Investment,23821,Equity,DABUR PHARMACEUTICAL LIMITED,India,IND,other,B,Regional Industry - MAS Asia & Pac,Completed,06/01/2005,,,,15,15,IN,01/18/2021 09:37:00 PM
04/05/2005,IDFC II,Summary of Proposed Investment,22065,Loan,IDFC LIMITED,India,IND,other,FI,"Global Industry, Financial Markets",Completed,05/12/2005,,,50,,50,IN,01/18/2021 09:37:00 PM
03/04/2005,Tata Iron and Steel Company Limited,Summary of Proposed Investment,24077,Loan,TATA STEEL LIMITED,India,IND,other,B,"Gbl Ind, Manufact, Agribus &amp; Services",Completed,04/29/2005,,,100,,100,IN,01/18/2021 09:37:00 PM
02/04/2005,URL Expansion,Summary of Proposed Investment,24083,Loan,TILDA RICELAND PRIVATE LIMITED,India,IND,other,B,Regional Industry - MAS Asia & Pac,Completed,03/17/2005,,,8.5,,8.5,IN,01/18/2021 09:37:00 PM
11/30/2004,DCM Consolidated,Summary of Proposed Investment,23385,Loan,DCM SHRIRAM LIMITED,India,IND,other,B,"Gbl Ind, Manufact, Agribus &amp; Services",Completed,01/07/2005,,,30,,30,IN,01/18/2021 09:37:00 PM
10/27/2004,Cosmo II,Summary of Proposed Investment,23245,Equity,COSMO FILMS LIMITED,India,IND,other,C,"Gbl Ind, Manufact, Agribus &amp; Services",Completed,11/29/2004,,,,4.23,4.23,IN,01/18/2021 09:37:00 PM
09/17/2004,APIDC Biotech,Summary of Proposed Investment,22892,Equity,APIDC Biotechnology Venture Fund,India,IND,other,FI,Regional Industry - MAS Asia & Pac,Active,10/24/2004,,,,4,4,IN,01/18/2021 09:37:00 PM
06/24/2004,Bharat Biotech,Summary of Proposed Investment,22787,Equity,BHARAT BIOTECH INTERNATIONAL LIMITED,India,IND,other,B,Regional Industry - MAS Asia & Pac,Active,07/30/2004,,,,4.5,4.5,IN,01/18/2021 09:37:00 PM
05/20/2004,EOFI TurboTech,Summary of Proposed Investment,522661,,UNKNOWN,India,IND,Infrastructure,B,Advisory Services,Completed,06/21/2004,,,,,,IN,01/18/2021 09:37:00 PM
05/19/2004,CMScomputers,Summary of Proposed Investment,23353,Loan,C M S Computers Institute,India,IND,other,C,Gbl Infrastructure & Natural Resources,Completed,06/20/2004,,,10,12.5,22.5,IN,01/18/2021 09:37:00 PM
04/09/2004,Rain Calcining Expansion,Summary of Proposed Investment,23012,Loan,RAIN CII CARBON (VIZAG) LIMITED,India,IND,other,B,"Gbl Ind, Manufact, Agribus &amp; Services",Completed,05/14/2004,,,10,,10,IN,01/18/2021 09:37:00 PM
03/26/2004,Kotak Mahindra Bank,Summary of Proposed Investment,22061,Loan,KOTAK MAHINDRA BANK LIMITED,India,IND,other,FI,Regional Industry - FIG Asia & Pac,Completed,04/26/2004,,,22,,22,IN,01/18/2021 09:37:00 PM
02/19/2004,Ruchi Soya,Summary of Proposed Investment,21652,Loan,RUCHI SOYA INDUSTRIES LIMITED,India,IND,other,B,Regional Industry - MAS Asia & Pac,Completed,03/21/2004,,,10,10,20,IN,01/18/2021 09:37:00 PM
02/17/2004,AP Paper Mills,Summary of Proposed Investment,21499,Loan,INTERNATIONAL PAPER APPM LIMITED,India,IND,other,B,Regional Industry - MAS Asia & Pac,Completed,05/01/2004,,,35,5,40,IN,01/18/2021 09:37:00 PM
11/24/2003,Crompton Greaves Ltd.,Summary of Proposed Investment,21594,Loan,CROMPTON GREAVES LIMITED,India,IND,other,B,Regional Industry - MAS Asia & Pac,Completed,12/29/2003,,,25,,25,IN,01/18/2021 09:37:00 PM
08/29/2003,BALLARPUR INDUSTRIES LIMITED,Summary of Proposed Investment,20798,Loan,BALLARPUR INDUSTRIES LIMITED,India,IND,other,B,"Gbl Ind, Manufact, Agribus &amp; Services",Active,09/29/2003,,,15,0,15,IN,01/18/2021 09:37:00 PM
08/11/2003,AD Hydro Power Limited,Summary of Proposed Investment,11632,Loan,AD HYDRO POWER LIMITED,India,IND,other,A,Gbl Infrastructure &amp; Natural Resources,Active,10/31/2003,,,40,7,47,IN,01/18/2021 09:37:00 PM
07/28/2003,Sundaram Finance,Summary of Proposed Investment,21313,Loan,SUNDARAM FINANCE LIMITED,India,IND,other,FI-1,Regional Industry - FIG Asia & Pac,Completed,08/21/2003,,,43.61,,43.61,IN,01/18/2021 09:37:00 PM
06/02/2003,Tala Transmision,Summary of Proposed Investment,20350,Loan,POWERLINKS TRANSMISSION LIMITED,India,IND,other,B,Regional Industry - INF Asia & Pac,Completed,07/31/2003,,,75,,75,IN,01/18/2021 09:37:00 PM
04/15/2003,Larsen & Toubro,Summary of Proposed Investment,20549,Loan,LARSEN AND TOUBRO LIMITED,India,IND,other,B,Regional Industry - MAS Asia & Pac,Completed,05/30/2003,,,50,,50,IN,01/18/2021 09:37:00 PM
04/14/2003,Balrampur Chini Mills Ltd.,Summary of Proposed Investment,20625,Loan,BALRAMPUR CHINI MILLS LIMITED,India,IND,other,B,"Gbl Ind, Manufact, Agribus &amp; Services",Completed,05/15/2003,,,15,,15,IN,01/18/2021 09:37:00 PM
03/04/2003,HDFC - Loan,Summary of Proposed Investment,10784,Loan,HOUSING DEVELOPMENT FINANCE CORPORATION LIMITED,India,IND,other,C,"Global Industry, Financial Markets",Completed,04/03/2003,,,150,,150,IN,01/18/2021 09:37:00 PM
01/07/2003,Birla Home Finance,Summary of Proposed Investment,11762,Loan,First Blue Home Finance Limited,India,IND,other,C,Regional Industry - FIG Asia & Pac,Completed,02/08/2003,,,20.63,,20.63,IN,01/18/2021 09:37:00 PM
12/30/2002,Dewan Housing Finance Corporation Ltd.,Summary of Proposed Investment,11755,Loan,DEWAN HOUSING FINANCE CORPORATION LIMITED,India,IND,other,FI-1,"Global Industry, Financial Markets",Completed,01/31/2003,,,12.56,,12.56,IN,01/18/2021 09:37:00 PM
12/20/2002,Niko Resources,Summary of Proposed Investment,11697,Loan,Niko Resources Ltd,India,IND,other,B,Gbl Infrastructure &amp; Natural Resources,Completed,01/20/2003,,,40,,40,IN,01/18/2021 09:37:00 PM
12/20/2002,Dataquest Management and Communications Ltd.,Summary of Proposed Investment,20269,Loan,DQ ENTERTAINMENT (INTERNATIONAL) LIMITED,India,IND,other,C,"TMT, Venture Capital &amp; Funds",Completed,01/21/2003,,,1.5,1.5,3,IN,01/18/2021 09:37:00 PM
12/03/2002,GEF PVMTI Selco,Summary of Proposed Investment,520305,,UNKNOWN,India,IND,Infrastructure,C,Sustainable Business Advisory Dept,Completed,01/06/2003,,,,,,IN,01/18/2021 09:37:00 PM
07/18/2002,Leapfrog Accelerator LLC,Summary of Proposed Investment,11613,Equity,NewPath Ventures LLC,India,IND,other,C,"TMT, Venture Capital &amp; Funds",Completed,08/22/2002,,,,20,20,IN,01/18/2021 09:37:00 PM
05/28/2002,Apollo Tyres,Summary of Proposed Investment,11434,Loan,APOLLO TYRES LIMITED,India,IND,other,B,"Gbl Ind, Manufact, Agribus &amp; Services",Completed,06/28/2002,,,20,,20,IN,01/18/2021 09:37:00 PM
04/15/2002,Usha Beltron Limited,Summary of Proposed Investment,11408,Loan,USHA MARTIN LIMITED,India,IND,other,B,Regional Industry - MAS Asia & Pac,Completed,05/30/2002,,,21,3.6,24.6,IN,01/18/2021 09:37:00 PM
04/11/2002,Cosmo Films Limited,Summary of Proposed Investment,11001,Loan,COSMO FILMS LIMITED,India,IND,other,B,"Gbl Ind, Manufact, Agribus &amp; Services",Completed,05/17/2002,,,10,,10,IN,01/18/2021 09:37:00 PM
04/04/2002,Mahindra Farm Services,Summary of Proposed Investment,11230,Equity,MAHINDRA AGRI SOLUTIONS LIMITED,India,IND,other,B,Regional Industry - MAS Asia & Pac,Completed,05/29/2002,,,,2.2,2.2,IN,01/18/2021 09:37:00 PM
03/01/2002,Tata Engineering Ltd,Summary of Proposed Investment,11258,Guarantee,TATA MOTORS LIMITED,India,IND,other,B,Regional Industry - MAS Asia & Pac,Completed,04/11/2002,,67,0,,67,IN,01/18/2021 09:37:00 PM
12/20/2001,Mahindra & Mahindra Financial Services Limited,Summary of Proposed Investment,11349,Loan,MAHINDRA AND MAHINDRA LIMITED,India,IND,other,FI,Regional Industry - FIG Asia & Pac,Completed,01/31/2002,,,17,,17,IN,01/18/2021 09:37:00 PM
09/06/2001,United Phosphorus Limited,Summary of Proposed Investment,10839,Loan,UPL LIMITED,India,IND,other,B,"Gbl Ind, Manufact, Agribus &amp; Services",Completed,10/09/2001,,,17.5,,17.5,IN,01/18/2021 09:37:00 PM
07/27/2001,Sundaram Home Finance Ltd.,Summary of Proposed Investment,10442,Loan,SUNDARAM HOME FINANCE LIMITED,India,IND,other,C,Regional Industry - FIG Asia & Pac,Completed,08/30/2001,,,10.42,,10.42,IN,01/18/2021 09:37:00 PM
06/15/2001,GEF PVMTI Sunlit Media,Summary of Proposed Investment,506491,,UNKNOWN,India,IND,Infrastructure,C,Advisory Services,Completed,07/16/2001,,,,,,IN,01/18/2021 09:37:00 PM
06/06/2001,Webdunia,Summary of Proposed Investment,10934,Equity,Webdunia,India,IND,other,C,Gbl Infrastructure & Natural Resources,Completed,07/16/2001,,,,2,2,IN,01/18/2021 09:37:00 PM
04/06/2001,NIIT - Hole in the Wall,Summary of Proposed Investment,10665,Equity,Hole-in-the-Wall Education Limited,India,IND,other,C,Regional Industry - MAS Asia & Pac,Completed,05/24/2001,,,,1.65,1.65,IN,01/18/2021 09:37:00 PM
03/02/2001,Mahindra Infrastructure Company,Summary of Proposed Investment,10384,Equity,MAHINDRA INFRASTRUCTURE DEVELOPERS LIMITED,India,IND,other,B,Regional Industry - INF Asia & Pac,Completed,04/02/2001,,,,10,10,IN,01/18/2021 09:37:00 PM
02/28/2001,Indian Infrastructure Equipment Limited,Summary of Proposed Investment,10598,Loan,Indian Infrastructure Equipment Limited,India,IND,other,B,Regional Industry - FIG Asia & Pac,Completed,03/30/2001,,,8,2,10,IN,01/18/2021 09:37:00 PM
01/22/2001,Orchid Chemicals & Pharmaceuticals Ltd.,Summary of Proposed Investment,10591,Loan,ORCHID PHARMA LIMITED,India,IND,other,B,Regional Industry - MAS Asia & Pac,Completed,02/21/2001,,,30,0,30,IN,01/18/2021 09:37:00 PM
01/10/2001,GEF PVMTI Aqua Solar (P) Ltd.,Summary of Proposed Investment,505969,,UNKNOWN,India,IND,Infrastructure,B,Advisory Services,Completed,02/12/2001,,,,,,IN,01/18/2021 09:37:00 PM
11/20/2000,Oriental Carbon and Chemicals Ltd.,Summary of Proposed Investment,10223,Loan,CONTINENTAL CARBON INDIA LIMITED,India,IND,other,B,"Gbl Ind, Manufact, Agribus &amp; Services",Completed,01/30/2001,,,9,,9,IN,01/18/2021 09:37:00 PM
10/12/2000,Bharti Telecom,Summary of Proposed Investment,10379,Guarantee,BHARTI AIRTEL LIMITED,India,IND,other,B,Gbl Infrastructure & Natural Resources,Completed,11/15/2000,,50,,20,70,IN,01/18/2021 09:37:00 PM
09/21/2000,GEF PVMTI Shell Renewables,Summary of Proposed Investment,505600,,UNKNOWN,India,IND,Infrastructure,C,Sustainable Business Advisory Dept,Completed,10/23/2000,,,,,,IN,01/18/2021 09:37:00 PM
08/09/2000,Interlink Communications Ltd.,Summary of Proposed Investment,10312,Equity,"HEARTLAND INFORMATION SERVICES, INC",India,IND,other,C,"TMT, Venture Capital &amp; Funds",Completed,09/11/2000,,,,2,2,IN,01/18/2021 09:37:00 PM
08/04/2000,"Eximbank West LB Factoring Co., Ltd.",Summary of Proposed Investment,10191,Loan,SBI GLOBAL FACTORS LIMITED,India,IND,other,C,"Global Industry, Financial Markets",Completed,09/19/2000,,,10,2.41,12.41,IN,01/18/2021 09:37:00 PM
